Ion Type,Structure Group,Activation Energy Ea (eV),Conductivity Пѓ (S/cm),Superionic Conductor Formula (Chemical)
Li+,Other,0.197,0.00302,Liв‚Ђ.в‚ѓв‚€в‚€Taв‚Ђ.в‚‚в‚ѓв‚€Laв‚Ђ.в‚„в‚‡в‚…Clв‚ѓ
Li+,Other,0.371,0.00214,"ОІ-Liв‚ѓN (vacancy-rich, 400 rpm вЂ“ 16 h)"
Li+,Other,0.32,0.0003,Liв‚‡Laв‚ѓZrв‚‚Oв‚Ѓв‚‚ (LLZO)
Li+,Other,0.267,0.074,Liв‚…Bв‚‡Sв‚Ѓв‚ѓ
Li+,Other,0.32,0.0097,Liв‚‚Bв‚‚Sв‚…
Li+,Halide,0.351,0.0003,Liв‚ѓErClв‚†
Li+,Halide,0.29,0.001,Liв‚ѓInClв‚†
Li+,Halide,0.41,0.0003,Liв‚ѓErClв‚† (ball-milled)
Li+,Halide,0.48,5e-05,Liв‚ѓErClв‚† (annealed)
Li+,Other,0.175,0.012,Liв‚Ѓв‚ЂGePв‚‚Sв‚Ѓв‚‚ (LGPS)
Li+,Argyrodite,0.4,2.87e-05,Liв‚†PSв‚…Cl (annealed 200 В°C)
Li+,Argyrodite,0.4,0.000296,Liв‚†PSв‚…Cl (annealed 300 В°C)
Li+,Argyrodite,0.4,0.000549,Liв‚†PSв‚…Cl (annealed 400 В°C)
Li+,Argyrodite,0.26,0.000793,"Liв‚†PSв‚…Cl (annealed 500 В°C, pellet)"
Li+,Argyrodite,0.26,0.000743,"Liв‚†PSв‚…Cl (thin film, 500 В°C)"
Li+,Other,0.175,0.012,Liв‚Ѓв‚ЂGePв‚‚Sв‚Ѓв‚‚ (LGPS)
K+,Other,0.27,2.5e-06,ОІ-Kв‚ѓSbSв‚„
K+,Other,0.27,7.7e-05,Kв‚‚.92Sbв‚Ђ.92Wв‚Ђ.08Sв‚„
Li+,Other,0.43,9.9e-06,Liв‚‡Laв‚ѓZrв‚‚Oв‚Ѓв‚‚ (LLZ)
Li+,Other,0.42,0.00041,Liв‚†.в‚‡в‚…Laв‚ѓZrв‚Ѓ.в‚‡в‚…Taв‚Ђ.в‚‚в‚…Oв‚Ѓв‚‚
Li+,Other,0.4,0.00061,Liв‚†.в‚…Laв‚ѓZrв‚Ѓ.в‚…Taв‚Ђ.в‚…Oв‚Ѓв‚‚
Li+,Other,0.42,0.00021,Liв‚†Laв‚ѓZrTaOв‚Ѓв‚‚
Li+,Argyrodite,0.135,6e-06,Liв‚†PSв‚…Cl
Na+,Other,0.24,0.00255,Naв‚Ѓв‚ЃSnв‚‚PSв‚Ѓв‚‚
Na+,Other,0.31,0.003,Naв‚Ѓв‚ЃSnв‚‚PSeв‚Ѓв‚‚
Na+,Other,0.34,0.0005499999999999,Naв‚Ѓв‚ЃSnв‚‚SbSв‚Ѓв‚‚
Na+,NASICON,0.28,0.165,Naв‚ѓZrв‚‚Siв‚‚Pв‚ЃOв‚Ѓв‚‚
Na+,NASICON,0.32,0.165,Naв‚ѓ.в‚„Zrв‚‚Siв‚‚.в‚„Pв‚Ђ.в‚†Oв‚Ѓв‚‚
Ag+,Other,0.12,1e-05,KAgв‚ѓSeв‚‚ (О±-phase)
Li+,Halide,0.22,0.00014,Liв‚ѓYClв‚†
Li+,Halide,0.22,0.0061,Liв‚ѓYClв‚„.в‚…Brв‚Ѓ.в‚…
Li+,Halide,0.25,0.011,Liв‚ѓGdClв‚ѓBrв‚ѓ
Li+,Other,0.175,0.012,Liв‚Ѓв‚ЂGePв‚‚Sв‚Ѓв‚‚ (LGPS)
Li+,Other,0.2,0.023,Liв‚Ѓв‚ЂSiPв‚‚Sв‚Ѓв‚‚
Li+,Other,0.24,0.006,Liв‚Ѓв‚ЂSnPв‚‚Sв‚Ѓв‚‚
Li+,Other,0.26,0.004,Liв‚‰Pв‚ѓSв‚Ѓв‚‚
Li+,Other,0.18,0.033,Liв‚Ѓв‚ЃAlPв‚‚Sв‚Ѓв‚‚
Li+,Other,0.36,3e-05,Liв‚Ѓв‚ЂGePв‚‚Oв‚Ѓв‚‚
Li+,Other,0.19,0.024,Liв‚Ѓв‚ЂGePв‚‚Seв‚Ѓв‚‚
Rb+,Amorphous,0.97,0.0009699999999999,(Rbв‚‚O)в‚ѓв‚Ђ(Bв‚‚Oв‚ѓ)в‚‡в‚Ђ
Li+,Argyrodite,0.135,6e-06,Liв‚†PSв‚…Cl
Li+,Argyrodite,0.255,0.001,Liв‚†PSв‚…Br
Li+,Argyrodite,0.47,1e-06,Liв‚†PSв‚…I
Li+,Argyrodite,0.3,0.001,Liв‚†PSв‚…Clв‚Ђ.в‚…Brв‚Ђ.в‚…
Li+,Argyrodite,0.375,2.5e-05,Liв‚†PSв‚…Clв‚Ѓ/в‚ѓBrв‚Ѓ/в‚ѓIв‚Ѓ/в‚ѓ
Ag+,Halide,0.06,0.015,"AgI (PVP-coated nanoparticles, 10вЂ“41 nm)"
Li+,Other,0.134,6.24e-05,Liв‚‚Moв‚ѓSв‚„
Li+,Other,0.341,0.00013,Liв‚†.в‚…Taв‚Ђ.в‚…Wв‚Ђ.в‚…Nв‚„
Li+,Other,0.287,0.00063,Liв‚†.в‚…Nbв‚Ђ.в‚…Wв‚Ђ.в‚…Nв‚„
Li+,Other,0.309,0.00174,Liв‚‡PSeв‚†
Li+,Other,0.314,0.00127,Liв‚Ѓв‚ЂGe(PSeв‚†)в‚‚
Li+,Other,0.306,0.0014,Liв‚Ѓв‚ЂSn(PSeв‚†)в‚‚
Li+,Other,0.329,0.00086,Liв‚Ѓв‚ЂSi(PSeв‚†)в‚‚
Li+,Other,0.214,0.017,Liв‚‚Mnв‚Ђ.в‚‡в‚…Taв‚Ђ.в‚…Snв‚Ђ.в‚…Sв‚„
Li+,Other,0.363,0.00021,Liв‚‚Znв‚Ђ.в‚…TaSв‚„
Li+,Other,0.216,0.0218,Liв‚‡Cuв‚‚Nв‚ѓ
Li+,Other,0.351,0.0005,Liв‚…SiPв‚ѓ (doped V)
Li+,Other,0.308,0.0027,Liв‚Ѓв‚„MgSiв‚„ (doped Hf)
Li+,Other,0.351,0.0005,Liв‚‚MgSi (doped Hf)
Li+,Other,0.2,0.0025,Liв‚‚в‚ЃGeв‚€Pв‚ѓSв‚ѓв‚„
Li+,Halide,0.287,0.00205,Liв‚‚.в‚ЃZrв‚Ђ.в‚‰в‚…Cuв‚Ђ.в‚Ђв‚…Clв‚„.в‚„Oв‚Ђ.в‚€
Li+,Argyrodite,0.17,0.0127,Liв‚‡в‚‹в‚“(GeSi)(в‚Ѓв‚‹в‚“)/в‚‚Sbв‚“Sв‚…I (xв‰€1/3)
Li+,Spinel,0.26,0.0011,Liв‚ѓ.в‚†Inв‚‡Sв‚Ѓв‚Ѓ.в‚€Cl
Li+,Halide,0.34,0.00087,Liв‚‚.в‚ѓв‚‡в‚…Alв‚Ђ.в‚ѓв‚‡в‚…Zrв‚Ђ.в‚†в‚‚в‚…Clв‚†
Li+,Halide,0.24,0.0107,LiNbOClв‚„
Li+,Halide,0.205,0.0124,LiTaOClв‚„
Li+,Halide,0.185,0.009,LiSbOClв‚„
Li+,Halide,0.185,0.01,LiTiFClв‚„
Li+,Halide,0.185,0.01,LiZrFClв‚„
Li+,Halide,0.2,0.0001375,LiHfFClв‚„
Li+,Halide,0.185,0.01,LiSnFClв‚„
Li+,Other,0.21,0.00027,EGвЂ“TiOв‚‚ + LiTFSI (surface conductor)
Li+,Other,0.12,0.00034,LixLaв‚‚/в‚ѓвЂ“x/3TiOв‚ѓ (0 в‰¤ x в‰¤ 0.5)
Li+,Spinel,0.2515,0.000409,Liв‚Ѓв‚‡Inв‚‰SnOв‚‚в‚„ (o-LISO)
Na+,NASICON,0.3382,0.00038,Naв‚ѓZrв‚‚Siв‚‚POв‚Ѓв‚‚ (NZSP)
Na+,NASICON,0.2721,0.00158,Naв‚ѓ.в‚‚в‚ЂZrв‚Ѓ.в‚‰в‚ЂZnв‚Ђ.в‚Ѓв‚ЂSiв‚‚POв‚Ѓв‚‚
Na+,NASICON,0.312,0.00075,Naв‚ѓ.в‚Ѓв‚ЂZrв‚Ѓ.в‚‰в‚ЂAlв‚Ђ.в‚Ѓв‚ЂSiв‚‚POв‚Ѓв‚‚
Na+,NASICON,0.285,0.0037,Naв‚ѓ.в‚„Zrв‚‚Siв‚‚.в‚„Pв‚Ђ.в‚†Oв‚Ѓв‚‚ (NaZr)
Na+,NASICON,0.315,0.0027,Naв‚ѓ.в‚„Scв‚Ђ.в‚„Zrв‚Ѓ.в‚†Siв‚‚POв‚Ѓв‚‚ (NaSc)
Na+,NASICON,0.313,0.0002,Naв‚ѓ.в‚„Alв‚Ђ.в‚‚Yв‚Ђ.в‚‚Zrв‚Ѓ.в‚†Siв‚‚POв‚Ѓв‚‚ (NaAlY)
Na+,Other,0.345,0.001,Na1.24[(CB8H9)0.26(CB9H10)0.50(B12H12)0.24] (s1)
Na+,Other,0.345,0.0055,Na[(CB8H9)0.38(CB9H10)0.62] (s5)
Na+,Other,0.32,0.00067,"Naв‚†PSв‚…Cl (NPSC1, P2в‚Ѓ3)"
Na+,Other,0.35,0.00025,"Naв‚…PSв‚„Clв‚‚ (NPSC2, Amm2)"
Na+,Other,0.449,0.026,Naв‚„TiPв‚‚Oв‚‰ (NTP)
Na+,Other,0.389,1e-07,Naв‚„SnPв‚‚Oв‚‰ (NSP)
Na+,Other,0.192,1.33e-07,Naв‚ѓP (in CSA)
Ag+,Other,0.33,0.00016,Agв‚Ѓв‚‡(COв‚ѓ)в‚ѓIв‚Ѓв‚Ѓ
Ag+,Other,0.38,3e-05,Agв‚‡Pв‚ѓOв‚Ѓв‚Ѓ
Ag+,Other,0.27,0.00121,Agв‚‡Pв‚ѓSв‚Ѓв‚Ѓ
Ag+,Other,0.19,0.01398,Agв‚‡Pв‚ѓSeв‚Ѓв‚Ѓ
Ag+,Other,0.29,0.0011,AgIвЂ“AgBrвЂ“AgCl/MPA (Br5Cl5)
Ag+,Other,0.28,0.0009,AgIвЂ“AgBrвЂ“AgCl/MPA (Br10Cl10)
Li+,NASICON,0.3,0.00019,Li1.3Al0.3Ti1.7(PO4)3 (LATP)
Li+,Anti-perovskite,0.51,0.00031,"Li7O2Br3 + LiвЂ“Br Schottky defect (Type I, Br vacancy at site I)"
Li+,Anti-perovskite,0.27,0.00076,"Li7O2Br3 + LiвЂ“Br Schottky defect (Type II, Br vacancy at site II)"
Li+,Anti-perovskite,0.31,0.00085,Li3OCl
Li+,Anti-perovskite,0.37,0.00024,Li3OBr
Li+,Anti-perovskite,0.3645,0.002725,Li3OBr0.5Cl0.5 (s1вЂ“s6 configs)
Li+,Anti-perovskite,0.35,0.00245,"Li3OBr0.5Cl0.5 (s6, high symmetry)"
Li+,Anti-perovskite,0.375,0.00194,Li3OCl0.5Br0.5
Na+,Anti-perovskite,0.17,0.014,Na4OI2
Na+,Anti-perovskite,0.298,1e-05,c-Na3HS (pristine)
Na+,Anti-perovskite,0.12,0.033,Na2.96HS (Na-vacancy)
Na+,Anti-perovskite,0.29,0.0085,"Na3OCl (bulk, pristine, cubic)"
Na+,Anti-perovskite,0.29,0.0066,Na3OCl with ОЈ3(111) GB
Na+,Anti-perovskite,0.29,0.0056,Na3OCl with ОЈ5(021) GB
Li+,Anti-perovskite,0.098,0.0054,Li2OHCl (pellet)
Li+,Anti-perovskite,0.31,0.00085,Li3OCl
Li+,Anti-perovskite,0.37,0.00024,Li3OBr
Li+,Anti-perovskite,0.375,0.00194,Li3OCl0.5Br0.5
Li+,Argyrodite,0.23,0.0078,Li5.5PS4.5Cl1.5 (LPSCl1.5)
Li+,Argyrodite,0.29,0.0078,Li6-aPS5-aCl1+a (0 в‰¤ a в‰¤ 0.7) series
Li+,Argyrodite,0.297456,0.0148,Li3PS4В·2LiBH4В·0.5LiCl (x=0.5)
Li+,Argyrodite,0.31,0.0092,Li3PS4В·1.5LiBH4В·1LiCl (x=1)
Li+,Argyrodite,0.3,0.0052,Li3PS4В·1LiBH4В·1.5LiCl (x=1.5)
Li+,Argyrodite,0.33,0.0024,Li3PS4В·0.5LiBH4В·2LiCl (x=2)
Li+,Argyrodite,0.29,0.0004,Li3PS4В·2.5LiCl (x=2.5)
Li+,Other,0.26,0.00588,Li9.9SnP2S11.9Br0.1 (pristine)
Li+,Other,0.29,0.00408,Li9.9SnP2S10.9Br0.1O1.0
Li+,Argyrodite,0.18,0.0012,Li6.25Ge0.25As0.75S5I
Li+,Argyrodite,0.15,0.0032,Li6.333Ge0.333As0.667S5I
Li+,Argyrodite,0.184,0.002,Li6AsS5Br
Li+,Argyrodite,0.214,0.01,Li5.7AsS4.7Br1.3
Li+,Argyrodite,0.257,0.0154,Li5.5AsS4.5Br1.5
Li+,Argyrodite,0.38,0.001,Li6PS5Cl
Li+,Argyrodite,0.38,0.0013,Li5.375Mg0.125PS4.625Cl1.375
Li+,Argyrodite,0.36,0.0015,Li5.375Mg0.0625PS4.5Cl1.5
Li+,Argyrodite,0.38,0.0012,Li5.8Mg0.1PS5Cl
Li+,Argyrodite,0.22,0.00311,Li6PS5Cl (This work-1)
Li+,Argyrodite,0.22,0.00571,"Li6PS5Cl (This work-2, scale-up)"
Li+,Argyrodite,0.417,0.0014,Li6PS5Br
Li+,Argyrodite,0.419,0.00096,Li6PS5I
Li+,Halide,0.539,9.6e-08,"Li2MgCl4 (LMC2, pristine)"
Li+,Halide,0.476,1.4e-05,Li1.25Zr0.375Mg0.625Cl4 (LZMC1.25)
Na+,Halide,0.26,0.00286,Na3InCl6
Na+,Halide,0.2,0.0085,Na3In0.667Sc0.333Cl6
Na+,Halide,0.32,0.00068,Na3In0.5Sc0.5Cl6
Na+,Halide,0.24,0.0035,Na3In0.333Sc0.667Cl6
Na+,Halide,0.43,0.0236,Na3ScCl6
Na+,Halide,0.3,0.00022,Na2In0.666Cl4
Na+,Halide,0.52,0.00225,Na2In0.4Sc0.2Cl4
Na+,Halide,0.38,7.099999999999999e-05,Na2In0.2Sc0.4Cl4
Li+,Halide,0.124,0.000158,Li3AlCl6
Li+,Halide,0.29,0.00106,Li3ScCl6
Li+,Halide,0.33,0.001,Li3YCl6
Li+,Halide,0.194,0.0153,Li2Sm2/3Cl4
Li+,Halide,0.24,0.00834,LiScCl4
Li+,Halide,0.27,0.00385,LiAlCl4
Li+,Other,0.27,0.004,Li3InBr6
Li+,Other,0.255,0.000338,Li17In9SnO24 (o-LISO)
Li+,Other,0.552,3.32e-08,ns-LISO (near-stoichiometric DRX)
Li+,Spinel,0.157,0.0103,LiTi2S4
Li+,Spinel,0.151,0.0128,LiTb2S4
Li+,Spinel,0.135,0.0205,LiMn1.5Fe0.5S4
Li+,Spinel,0.146,0.0138,LiMn1.5Mo0.5O4
Li+,Spinel,0.153,0.0111,LiMn1.5V0.5S4
Li+,Spinel,0.149,0.0143,LiMn1.5Tb0.5S4
Li+,Spinel,0.142,0.0165,LiMn1.5Ru0.5S4
Li+,Spinel,0.154,0.0121,LiMn1.5Ta0.5O4
Mg2+,Spinel,0.364,0.00014,MgYb2Se4
Mg2+,Spinel,0.39,3.95e-05,MgSc0.4Y0.4Er0.4Tm0.4Yb0.4Se4
Mg2+,Spinel,0.39,3.95e-05,Mg0.75Sc2Se3.5Br0.5
Na+,Amorphous,0.41,0.0002,"Na3PS4 (x=0, glassвЂ“ceramic)"
Na+,Amorphous,0.43,0.0005,"95Na3PS4вЂ“5Ca3N2 (x=5, glassвЂ“ceramic)"
Na+,Amorphous,0.33,0.000814,"92Na3PS4вЂ“8Ca3N2 (x=8, glassвЂ“ceramic)"
Na+,Amorphous,0.35,0.0006,"90Na3PS4вЂ“10Ca3N2 (x=10, glassвЂ“ceramic)"
Li+,Amorphous,0.118,0.0001,Li2ZrCl6
Li+,Halide,0.294,0.00135,Li3ZrCl4O1.5
Li+,Amorphous,0.2505,0.0129,r-PS4 (amorphous)
Li+,Amorphous,0.3065,0.00695,1P2S7 (amorphous)
Li+,Amorphous,0.237,0.0404,1P2S6 (amorphous)
Li+,Amorphous,0.295,0.00268,2P2S7 (amorphous)
Li+,Amorphous,0.349,0.00424,1P2S7вЂ“1S
Li+,Amorphous,0.275,0.0177,1P2S6вЂ“2S
Li+,Amorphous,0.2515,0.00991,2P2S7вЂ“2S
Li+,Amorphous,0.332,0.00114,2P2S6вЂ“4S
Li+,Other,0.301,0.00231,ОІ-Li3PS4 (crystalline)
Li+,Other,0.235,0.0149,О±-Li3PS4 (crystalline)
Li+,Amorphous,0.174,6.35e-05,Li7P3S11 (crystalline)
Na+,Other,0.18,0.0254,ОівЂ“Na3PS4
Ag+,Amorphous,0.24,0.007,50AgIвЂ“25Ag2OвЂ“25CrO3 (50SISOCO)
Ag+,Amorphous,0.27,0.01,60AgIвЂ“20Ag2OвЂ“20CrO3 (60SISOCO)
Ag+,Amorphous,0.27,0.011,70AgIвЂ“15Ag2OвЂ“15CrO3 (70SISOCO)
Li+,Amorphous,0.307,0.00034,Li3PS4 (x=0)
Li+,Amorphous,0.291,0.001,Li3PS3.5Br0.5 (x=0.5)
Li+,Amorphous,0.277,0.00186,Li3PS3Br (x=1.0)
Li+,Other,0.288,0.0007,Li3PS2.5Br1.5 (x=1.5)
Na+,Other,0.39,7.5e-05,Na3PS4
Na+,Amorphous,0.51,1.2e-05,95(0.75Na2SВ·0.25P2S5)В·5Na2SO3
Na+,Amorphous,0.5,1.6e-05,95(0.75Na2SВ·0.25P2S5)В·5Na2SO4
Na+,Amorphous,0.5,1.1e-05,95(0.75Na2SВ·0.25P2S5)В·5Na3PO4
Na+,Halide,0.355,0.004,NaTaCl6 (amorphous)
Na+,Other,0.5,1.3e-05,Na2ZrCl6
Na+,Other,0.35,8.1e-05,Na0.5ZrCl4.5
Na+,Halide,0.5,1.3e-05,Na2ZrCl6 (NZC)
Na+,Halide,0.28,0.000235,2.0-NFZC (x=2.0)
Na+,Halide,0.359,0.0004015,Na2.25-xY0.25Zr0.75Cl6-x (x=1.375вЂ“2.000)
Rb+,Amorphous,0.95,0.002,(Rb2O)30(B2O3)70
O2-,Amorphous,0.3,0.0001,"Ce0.8Sm0.2O1.9/Na2CO3 (20 wt% Na2CO3, coreвЂ“shell)"
Li+,Polymeric,0.21,0.00058,PVDF-g-PAN + 34 wt% LiTFSI
Li+,Polymeric,0.25,0.0014,md-PVDF (2:8 PVDC:PVDF)
H+,Polymeric,0.12,0.00107,"SPPC (Supramolecular Polymer Proton Conductor, DES-GZ/POM)"
Li+,Halide,0.35,0.00204,Li3InCl6 (water-mediated synthesis)
Li+,Halide,0.39,0.00042,Li3HoCl6
Li+,Halide,0.28,0.0013,Li3Ho0.6In0.4Cl6
Li+,Halide,0.33,0.001,Li3YCl6
Li+,Halide,0.31,0.0024,Li3YBr6
Li+,Halide,0.29,0.0031,Li3YCl6-xBrx (x=1.5)
Li+,Halide,0.15,0.00239,Li-UCl3 (LiClвЂ“LaCl3вЂ“0.5TaCl5)
Na+,Halide,0.17,0.00363,Na-UCl3 (NaClвЂ“LaCl3вЂ“0.5TaCl5)
K+,Halide,0.41,0.00012,K-UCl3 (KClвЂ“LaCl3вЂ“0.5TaCl5)
Ag+,Halide,0.11,0.0042,Ag-UCl3 (AgClвЂ“LaCl3вЂ“0.5TaCl5)
Li+,Halide,0.25,0.00339,LiGaCl3 (predicted)
Li+,Halide,0.33,0.001,Li3YCl6
Li+,Halide,0.29,0.00119,Li3Y0.2Zr0.6Cl6
Li+,Halide,0.36,0.00035,Li3ErCl6
Li+,Halide,0.33,0.0018,Li3YCl6 (mechanochemical)
Li+,Halide,0.4,0.00065,Li3YCl6 (solid-state synthesis)
Li+,Halide,0.29,0.00119,Li3Y0.2Zr0.6Cl6
Li+,Halide,0.35,0.002,Li3InCl6
Li+,Halide,0.29,0.00106,Li3ScCl6
Na+,Halide,0.23,0.0027,HSE-Na (Halide Heterogeneous Structure Electrolyte вЂ“ Na+)
Li+,Halide,0.36,0.00038,Li3YbCl6
Li+,Halide,0.29,0.00095,Li2.8Yb0.8Zr0.2Cl6
Li+,Halide,0.24,0.0015,Li2.5Yb0.5Zr0.5Cl6
Li+,Halide,0.3,0.00087,Li2.8Yb0.8Hf0.2Cl6
Li+,Halide,0.25,0.0014,Li2.5Yb0.5Hf0.5Cl6
Li+,Halide,0.28,0.00117,Li2.5ZrCl5F0.5O0.5 (LZCFO)
Li+,Halide,0.34,0.00062,Li3ZrCl6 (reference)
Li+,Halide,0.37,0.0002,Li2ZrCl6 (ordered)
Li+,Halide,0.23,0.0011,Li2ZrCl6 (disordered Zr)
Li+,Halide,0.34,0.00032,Li3HoBr6 (x=0)
Li+,Halide,0.28,0.00068,Li3HoBr5I (x=1)
Li+,Halide,0.23,0.0012,Li3HoBr4I2 (x=2)
Li+,Halide,0.2,0.0017,Li3HoBr3I3 (x=3)
Li+,Argyrodite,0.38,0.001,Li6PS5Cl
Li+,Argyrodite,0.417,0.0014,Li6PS5Br
Li+,Argyrodite,0.419,0.00096,Li6PS5I
Li+,Argyrodite,0.29,0.00053,Li6PS5ClВ·LiCl
Li+,Halide,0.41,0.00049,Liв‚ѓYClв‚† (BM-LYC)
Li+,Halide,0.47,6.7e-05,Liв‚ѓYClв‚† (SS-LYC)
Li+,Halide,0.424,0.00413,Liв‚‚ZrClв‚† (LZC)
Li+,Halide,0.32,0.0136,"Liв‚‚ZrClв‚…I (LZCI, x=1)"
Li+,Halide,0.3,0.0011,Liв‚ѓInClв‚† (anhydrous)
Li+,Halide,0.424,0.00413,Liв‚‚ZrClв‚† (LZC)
Li+,Halide,0.31,0.0011,ZrOв‚‚вЂ“2Liв‚‚ZrClв‚† (HNSE)
Li+,Halide,0.33,0.0014,Liв‚‚.5Yв‚Ђ.5Zrв‚Ђ.5Clв‚† (x=0.5)
Li+,Argyrodite,0.34,0.0025,Liв‚†PSв‚…Cl (x=0)
Li+,Argyrodite,0.33,0.0042,Liв‚….в‚‡в‚…PSв‚„.в‚‡в‚…Clв‚Ѓ.в‚‚в‚… (x=0.25)
Li+,Argyrodite,0.31,0.0056,Liв‚….в‚†в‚‚в‚…PSв‚„.в‚†в‚‚в‚…Clв‚Ѓ.в‚ѓв‚‡в‚… (x=0.375)
Li+,Argyrodite,0.29,0.0094,Liв‚….в‚…PSв‚„.в‚…Clв‚Ѓ.в‚… (x=0.5)
Li+,Amorphous,0.23,0.00135,Liв‚‡Agв‚Ђ.в‚ЃPв‚ѓSв‚Ѓв‚ЃIв‚Ђ.в‚Ѓ (270 В°C)
Li+,Halide,0.3,0.0005,Liв‚‚ZrClв‚†
Na+,Halide,0.4,9e-06,Naв‚‚ZrClв‚†
Cu+,Halide,0.19,0.01,Cuв‚‚ZrClв‚†
Ag+,Halide,0.24,0.004,Agв‚‚ZrClв‚†
Li+,Halide,0.3,0.0005,Liв‚‚ZrClв‚†
Li+,Halide,0.36,0.000735,Liв‚‚.в‚ЃZrClв‚….в‚‰Sв‚Ђ.в‚Ѓ
Li+,Halide,0.34,0.000855,Liв‚‚.в‚‚ZrClв‚….в‚€Sв‚Ђ.в‚‚
Li+,Halide,0.35,0.00079,Liв‚‚.в‚ѓZrClв‚….в‚‡Sв‚Ђ.в‚ѓ
Li+,Other,0.268,0.0006,Liв‚Ѓв‚ЂPв‚ѓSв‚Ѓв‚‚Cl (LPSCl)
Li+,Other,0.288,0.0017,Liв‚Ѓв‚ЂPв‚ѓSв‚Ѓв‚‚Br (LPSBr)
Li+,Other,0.209,0.0029,Liв‚Ѓв‚ЂPв‚ѓSв‚Ѓв‚‚I (LPSI)
Li+,Other,0.204,0.0039,Liв‚Ѓв‚ЂPв‚ѓSв‚Ѓв‚‚Brв‚Ђ.в‚†Iв‚Ђ.в‚„
Li+,Halide,0.36,0.0005,Liв‚ѓYClв‚† (x=0)
Li+,Halide,0.345,0.00087,Liв‚‚.в‚‰Yв‚Ђ.в‚‰в‚…Hfв‚Ђ.в‚Ђв‚…Clв‚† (x=0.05)
Li+,Halide,0.331,0.00149,Liв‚‚.в‚‡Yв‚Ђ.в‚‰Hfв‚Ђ.в‚ЃClв‚† (x=0.1)
Li+,Halide,0.338,0.0011,Liв‚‚.в‚…Yв‚Ђ.в‚€Hfв‚Ђ.в‚‚Clв‚† (x=0.2)
Li+,Argyrodite,0.29,0.0025,Liв‚†PSв‚…Cl (x=1)
Li+,Argyrodite,0.27,0.0031,Liв‚†.в‚‚в‚…PSв‚….в‚‚в‚…Clв‚Ђ.в‚‡в‚… (x=0.75)
Li+,Argyrodite,0.26,0.0035,Liв‚†.в‚…PSв‚….в‚…Clв‚Ђ.в‚… (x=0.5)
Li+,Argyrodite,0.28,0.0028,Liв‚†.в‚€PSв‚….в‚€Clв‚Ђ.в‚‚ (x=0.2)
Li+,Halide,0.33,0.0023,Liв‚ѓInBrв‚†
Li+,Halide,0.3,0.0036,Liв‚ѓInв‚Ђ.в‚‰Yв‚Ђ.в‚ЃBrв‚†
Li+,Halide,0.31,0.0033,Liв‚ѓInв‚Ђ.в‚‰Gaв‚Ђ.в‚ЃBrв‚†
Li+,Halide,0.28,0.0052,Liв‚ѓGdBrв‚†
Li+,Halide,0.29,0.0048,Liв‚ѓTbBrв‚†
Li+,Halide,0.3,0.0045,Liв‚ѓHoBrв‚†
Li+,Halide,0.31,0.0041,Liв‚ѓTmBrв‚†
Li+,Halide,0.32,0.0039,Liв‚ѓLuBrв‚†
Li+,Halide,0.35,0.00072,Liв‚‚ZrClв‚† (x=0)
Li+,Halide,0.29,0.00142,Li1.7Zr0.7Ta0.3Cl6 (x=0.3)
Li+,Halide,0.28,0.00168,Liв‚‚.в‚ЃZrв‚Ђ.в‚€в‚ѓTaв‚Ђ.в‚‚в‚‡Clв‚†
Li+,Halide,0.37,0.00091,Liв‚ѓScClв‚† (x=0)
Li+,Halide,0.33,0.00164,Liв‚ѓ.в‚‚ScClв‚†.в‚‚ (x=0.2)
Li+,Halide,0.3,0.0021,Liв‚ѓ.в‚„ScClв‚†.в‚„ (x=0.4)
Li+,Halide,0.35,0.00072,Liв‚ѓYClв‚† (ampule)
Li+,Halide,0.33,0.00095,Liв‚ѓYClв‚† (mechanochemical)
Li+,Halide,0.34,0.00084,Liв‚ѓYBrв‚† (ampule)
Li+,Halide,0.31,0.00105,Liв‚ѓYBrв‚† (mechanochemical)
Li+,NASICON,0.34,0.00035,Li1.5Al0.5Ge1.5(PO4)3 (LAGP)
Li+,NASICON,0.34,0.00054,Li1.5+0.01Al0.5Sb0.01Ge1.49(PO4)3 (Sb1)
Li+,NASICON,0.34,0.00056,Li1.5+0.03Al0.5Sb0.03Ge1.47(PO4)3 (Sb3)
Li+,NASICON,0.35,0.0006,Li1.5+0.05Al0.5Sb0.05Ge1.45(PO4)3 (Sb5)
Li+,NASICON,0.34,0.00077,Li1.5+0.07Al0.5Sb0.07Ge1.43(PO4)3 (Sb7)
Li+,NASICON,0.36,0.00021,Li1.3Al0.3Ti1.7(PO4)3 (baseline)
Li+,NASICON,0.34,0.00034,Li1.3Al0.3Ti1.65Zr0.05(PO4)3
Li+,NASICON,0.35,0.00031,Li1.3Al0.3Ti1.65V0.05(PO4)3
Li+,NASICON,0.35,0.00029,Li1.3Al0.3Ti1.65Co0.05(PO4)3
Li+,NASICON,0.36,0.00027,Li1.3Al0.3Ti1.65Cu0.05(PO4)3
Li+,NASICON,0.35,0.00028,Li1.3Al0.3Ti1.65Sn0.05(PO4)3
Li+,NASICON,0.36,0.00021,Liв‚Ѓ.в‚ѓAlв‚Ђ.в‚ѓTiв‚Ѓ.в‚‡(POв‚„)в‚ѓ (NASICON baseline)
Li+,NASICON,0.32,0.00038,Liв‚Ѓ.в‚ѓAlв‚Ђ.в‚ѓAsв‚Ђ.в‚‚Tiв‚Ѓ.в‚…(POв‚„)в‚ѓ (As-doped NASICON)
Li+,NASICON,0.29,0.00052,"LAAsв‚Ђ.в‚‚TP-G (NASICONвЂ“glass composite, 3 wt% glass)"
Li+,Halide,0.356,0.00048,Liв‚‚ZrClв‚† (baseline)
Li+,Halide,0.272,0.00167,Liв‚‚.в‚ЃZrв‚Ђ.в‚€Dyв‚Ђ.в‚Ѓв‚…Taв‚Ђ.в‚Ђв‚…Clв‚† (LZDTC)
Li+,Halide,0.279,0.00154,Liв‚‚.в‚ЃZrв‚Ђ.в‚€Ceв‚Ђ.в‚Ѓв‚…Taв‚Ђ.в‚Ђв‚…Clв‚†
Li+,Halide,0.34,0.00082,HELa0.5: 0.5LiClвЂ“xLaClв‚ѓ(TaClв‚…В·ZrClв‚„В·AlClв‚ѓВ·CaClв‚‚)в‚Ѓ/в‚„(1вЂ“x)
Na+,Other,0.31,0.0004,Naв‚ѓSbSв‚„ (baseline)
Na+,Other,0.3,0.0006,Naв‚ѓSbв‚Ѓв‚‹в‚“Vв‚“Sв‚„ (xв‰¤0.2)
Na+,Other,0.3,0.0005,Naв‚ѓSbв‚Ѓв‚‹в‚“Nbв‚“Sв‚„ (xв‰¤0.2)
Na+,Other,0.31,0.00048,Naв‚ѓSbв‚Ѓв‚‹в‚“Taв‚“Sв‚„ (xв‰¤0.2)
Na+,Other,0.17,0.096,Naв‚‚.в‚‰Sbв‚Ђ.в‚‰Wв‚Ђ.в‚ЃSв‚„
Li+,Argyrodite,0.28,0.00537,Liв‚….в‚…в‚„Pв‚Ђ.в‚‰в‚€Biв‚Ђ.в‚Ђв‚‚Sв‚„.в‚…Clв‚Ѓ.в‚„в‚„Fв‚Ђ.в‚Ђв‚† (LPBiSClFв‚Ђ.в‚Ђв‚†)
K+,Other,0.12,0.0148,Kв‚‚.875SbSв‚ѓ.875Clв‚Ђ.125 (2v-2Cl)
Li+,Amorphous,0.253,0.00221,"75Liв‚‚SвЂ“25Pв‚‚Sв‚… + 40 mol% LiI (Si-doped, P:Si=6)"
Li+,Amorphous,0.3,0.001,"75Liв‚‚SвЂ“25Pв‚‚Sв‚… + 40 mol% LiI (without Si, вЂњblankвЂќ)"
Li+,Amorphous,0.253,0.00221,0.6((75+0.5x)Liв‚‚S-(25-0.5x)Pв‚‚Sв‚…-xSiSв‚‚)-40LiI (optimal P:Si=6 composition)
Li+,Other,0.44,0.00199,LiTaв‚‚POв‚€ (LTPO)
Li+,Other,0.35,0.00172,Liв‚Ѓ.в‚Ђв‚…Hfв‚Ђ.в‚Ђв‚…Taв‚Ѓ.в‚‰в‚…POв‚€ (LHTPO)
Li+,Other,0.35,0.00079,Liв‚Ѓ.в‚Ђв‚…Hfв‚Ђ.в‚Ђв‚…Taв‚Ѓ.в‚‰в‚…POв‚€вЂ“0.15LiF (LHTPOвЂ“LiF)
Na+,Halide,0.27,0.0028,Naв‚Ђ.в‚€в‚†SmTaв‚Ђ.в‚„в‚ѓClв‚†
Na+,Halide,0.3,0.0025,NaLaв‚Ђ.в‚‰в‚…Taв‚Ђ.в‚„в‚ѓClв‚†
Na+,Halide,0.29,0.0023,NaCeв‚Ђ.в‚€в‚ѓTaв‚Ђ.в‚…Clв‚†
Na+,Halide,0.28,0.0021,NaNdв‚Ђ.в‚€в‚ѓTaв‚Ђ.в‚…Clв‚†
Li+,Other,0.267,0.074,Liв‚…Bв‚‡Sв‚Ѓв‚ѓ
Li+,Halide,0.351,0.0003,Liв‚ѓErClв‚†
Li+,Other,0.32,0.0097,Liв‚‚Bв‚‚Sв‚…
Li+,Other,0.333,0.000584,LiAlSв‚‚
Li+,Other,0.373,0.000481,Liв‚‚GePbSв‚„
Li+,Other,0.194,0.000173,LiBiSв‚‚
Li+,Other,0.367,0.000129,RbLiв‚†Bв‚‚Oв‚†F
Li+,Other,0.348,0.00012,BaLi(BSв‚‚)в‚ѓ
Li+,Halide,0.39,9.79e-05,Liв‚‚VClв‚…
Li+,Halide,0.48,1.67e-05,LiGaIв‚„
Li+,Halide,0.16,6.97e-05,LiSbClв‚† (LSC)
Li+,Other,0.21,0.012,Liв‚Ѓв‚ЂGePв‚‚Sв‚Ѓв‚‚ (x=0)
Li+,Other,0.24,0.006,Liв‚Ѓв‚ЂGeв‚Ђ.в‚†в‚‡Snв‚Ђ.в‚ѓв‚ѓPв‚‚Sв‚Ѓв‚‚
Li+,Other,0.27,0.0025,Liв‚Ѓв‚ЂGeв‚Ђ.в‚ѓв‚ѓSnв‚Ђ.в‚†в‚‡Pв‚‚Sв‚Ѓв‚‚
Li+,Other,0.3,0.001,Liв‚Ѓв‚ЂSnPв‚‚Sв‚Ѓв‚‚ (x=1)
Li+,Argyrodite,0.135,6e-06,Liв‚†PSв‚…Cl
Li+,Argyrodite,0.255,0.001,Liв‚†PSв‚…Br
Li+,Argyrodite,0.47,1e-06,Liв‚†PSв‚…I
Li+,Argyrodite,0.3,0.001,Liв‚†PSв‚…Clв‚Ђ.в‚…Brв‚Ђ.в‚…
Li+,Argyrodite,0.34,0.000577,Liв‚†PSв‚…Brв‚Ђ.в‚…Iв‚Ђ.в‚…
Li+,Argyrodite,0.135,6e-06,Liв‚†PSв‚…Cl
Li+,Argyrodite,0.255,0.001,Liв‚†PSв‚…Br
Li+,Argyrodite,0.47,1e-06,Liв‚†PSв‚…I
Li+,Polymeric,0.28,0.000123,PTU1 + LiClOв‚„ (PSE1)
Li+,Polymeric,0.27,0.000145,PTU2 + LiClOв‚„ (PSE2)
Li+,Polymeric,0.25,0.000162,PTU3 + LiClOв‚„ (PSE3)
Li+,Polymeric,0.23,0.0004,Composite solid electrolyte (CSE: PEO-LiTFSI + Li-HA-F nanofiber)
Li+,Polymeric,0.146,0.00025,Li-NC soft filler in PVDF + LiTFSI (TDCT)
Na+,Other,0.49,2.6e-05,Naв‚ѓPSв‚„ (tetragonal)
Na+,Other,0.39,0.00022,"Naв‚ѓPSв‚„ (cubic, undoped)"
Na+,Other,0.36,0.00094,Naв‚‚.в‚‡в‚ѓв‚ЂCaв‚Ђ.в‚Ѓв‚ѓв‚…PSв‚„ (Ca-doped)
Na+,Other,0.28,8.9e-05,Naв‚ѓSbSв‚„ (tetragonal)
Na+,Other,0.21,0.000375,Naв‚ѓSbSв‚ѓSe (cubic)
Na+,Other,0.19,0.00028,Naв‚ѓSbSв‚‚Seв‚‚ (cubic)
Li+,Halide,0.29,0.001,Liв‚ѓInClв‚†
Na+,Amorphous,0.25,0.00074,0.1NaIВ·0.9Naв‚ѓSbSв‚„
Na+,Amorphous,0.33,0.0003,0.1NaBrВ·0.9Naв‚ѓSbSв‚„
Li+,Halide,0.22,0.00014,Liв‚ѓYClв‚†
Li+,Halide,0.3,0.00142,Liв‚ѓYв‚Ђ.в‚…Inв‚Ђ.в‚…Clв‚†
Li+,Halide,0.29,0.001,Liв‚ѓInClв‚†
Li+,Other,0.29,0.0067,0.7Li(CBв‚‰Hв‚Ѓв‚Ђ)вЂ“0.3Li(CBв‚Ѓв‚ЃHв‚Ѓв‚‚)
Na+,Amorphous,0.47,6e-06,Naв‚ѓPSв‚„ glass
Na+,Amorphous,0.27,0.0002,Naв‚ѓPSв‚„ glass-ceramic (cubic)
Li+,Halide,0.25,0.0036,3LiClвЂ“GaFв‚ѓ (glass)
Li+,Halide,0.28,0.0018,3LiBrвЂ“GaFв‚ѓ (glass)
Li+,Halide,0.25,0.0036,3LiClвЂ“GaFв‚ѓ + Liв‚‚COв‚ѓ-B coating (as catholyte)
