Ion Type (raw),Ion Type,Structure Type (raw),Structure Group,Doping / and or GB Strategy,Superionic Conductor Formula (Chemical),Unnamed: 6,Activation Energy Ea (eV) (raw),Activation Energy Ea (eV),Temperature (°C),Doping_Subtype,Conductivity σ (S/cm) (raw),Conductivity σ (S/cm)
Li⁺,Li+,UCl₃-type LaCl₃ lattice with 1D channels,Other,Ta doping → La vacancies,Li₀.₃₈₈Ta₀.₂₃₈La₀.₄₇₅Cl₃,,0.197,0.197,30,Re Doping,3.02e-3 / 30 °C,0.00302
Li⁺,Li+,β-phase (P6₃/mmc),Other,Vacancy engineering (Li + N vacancies),"β-Li₃N (vacancy-rich, 400 rpm – 16 h)",,0.371,0.371,25,Defect / Vacancy,2.14e-3 / 25 °C,0.00214
Li⁺,Li+,Garnet-type (cubic),Other,–,Li₇La₃Zr₂O₁₂ (LLZO),,0.30–0.34,0.3,25,Baseline,3.0e-4 / 25 °C,0.0003
F⁻,F-,"Tysonite (trigonal, P3̄c1)",Other,–,LaF₃ (tysonite),,–,,,Baseline,–,
Li⁺,Li+,Garnet–polymer composite (cubic LLZO + PEO),Polymeric,–,Li₇La₃Zr₂O₁₂–PEO (LiClO₄) composite,,–,,25,Baseline,~1e-4 / 25 °C,0.0001
Li⁺,Li+,LGPS-type (P4₂/nmc),Other,Si + Cl aliovalent doping,Li₉.₅₄Si₁.₇₄P₁.₄₄S₁₁.₇Cl₀.₃,,–,,25,Anion Doping,2.5e-2 / 25 °C,0.025
Li⁺,Li+,LGPS-type (P4₂/nmc),Other,–,Li₉.₆P₃S₁₂,,–,,25,Baseline,~1e-2 / 25 °C,0.01
Li⁺,Li+,Borosulfide,Other,–,Li₅B₇S₁₃,,–,0.267,25,Baseline,7.4e-2 / 25 °C (predicted RT),0.074
Li⁺,Li+,Borosulfide,Other,–,Li₂B₂S₅,,–,0.32,25,Baseline,9.7e-3 / 25 °C (predicted RT),0.0097
Li⁺,Li+,Borosulfide (Cs-substituted),Other,Cs substitution,CsLi₂BS₃,,–,,25,Anion Substitution,~1e-3 / 25 °C (assumed from Li₃BS₃),0.001
Li⁺,Li+,Halide (trigonal),Halide,–,Li₃ErCl₆,,–,0.351,25,Baseline,3e-4 / 25 °C (predicted RT),0.0003
Li⁺,Li+,Halide (trigonal),Halide,–,Li₃InCl₆,,–,0.29,25,Baseline,~1e-3 / 25 °C (exp. literature),0.001
Li⁺,Li+,Oxide-iodate,Other,–,Li₂HIO,,–,,25,Baseline,~1e-4 / 25 °C (predicted RT),0.0001
Li⁺,Li+,Oxyfluoride,Halide,–,LiSO₃F,,–,,25,Baseline,8.2e-2 / 25 °C (predicted RT),0.082
Li⁺,Li+,Nitridoborohydride,Other,–,LiMgB₃(H₉N)₂,,–,,25,Baseline,7.9e-3 / 25 °C (predicted RT),0.0079
Li⁺,Li+,Carbodiimide nitride,Other,–,Sr₂LiCBr₃N₂,,–,,25,Baseline,3.3e-5 / 25 °C (marginal RT),3.30E-05
Li⁺,Li+,Selenide,Other,–,LiErSe₂,,–,,25,Baseline,8.8e-5 / 25 °C (marginal RT),8.80E-05
Li⁺,Li+,Borate,Other,–,Li₆Ho(BO₃)₃,,–,,25,Baseline,5.1e-3 / 25 °C (predicted RT),0.0051
Li⁺,Li+,Oxide,Other,–,LiSbO₃,,–,,25,Baseline,6.7e-4 / 25 °C (predicted RT),0.00067
Ag⁺,Ag+,Halide (β-AgI → α-AgI transition),Halide,–,"(AgI)ₓ–C(1–ₓ), x=1.00 (pure AgI)",,–,,150,Baseline,σ ~1 / 150 °C (α-AgI phase),1
Ag⁺ + e⁻,Ag+,Composite (AgI–C),Other,Carbon addition (1%),"(AgI)ₓ–C(1–ₓ), x=0.99",,–,,140,Anion Doping,"Non-Arrhenius; σ increases with T, abrupt jump at 140 °C",
Ag⁺ + e⁻,Ag+,Composite (AgI–C),Other,Carbon addition (2%),"(AgI)ₓ–C(1–ₓ), x=0.98",,–,,140,Anion Doping,Non-Arrhenius; jump in σ near 140 °C,
Ag⁺ + e⁻,Ag+,Composite (AgI–C),Other,Carbon addition (3%),"(AgI)ₓ–C(1–ₓ), x=0.97",,–,,,Anion Doping,"Non-Arrhenius; σ grows with T, reduced jump amplitude",
Ag⁺ + e⁻,Ag+,Composite (AgI–C),Other,Carbon addition (6%),"(AgI)ₓ–C(1–ₓ), x=0.94",,–,,,Anion Doping,Conductivity dominated by electrons; model only fits abrupt jump,
Li⁺,Li+,Halide (trigonal P3m1),Halide,–,Li₃ErCl₆ (ball-milled),,0.41,0.41,25,Baseline,3.0e-4 / 25 °C,0.0003
Li⁺,Li+,Halide (trigonal P3m1),Halide,–,Li₃ErCl₆ (annealed),,0.48,0.48,25,Baseline,5.0e-5 / 25 °C,5.00E-05
Li⁺,Li+,Phosphate (oxide),Other,–,LiCa₉Mg(PO₄)₇,,–,,,Baseline,–,
Li⁺,Li+,Nitrate (oxide),Other,–,Li₂Pr(NO₃)₅,,–,,,Baseline,–,
Li⁺,Li+,Fluoride salt,Halide,–,LiPF₆,,–,,,Baseline,–,
Li⁺,Li+,Fluoride salt,Halide,–,LiAsF₆,,–,,,Baseline,–,
Li⁺,Li+,Fluoride salt,Halide,–,LiSbF₆,,–,,,Baseline,–,
Li⁺,Li+,Fluoride complex,Halide,–,LiK₂AlF₆,,–,,,Baseline,–,
Li⁺,Li+,Chloride,Halide,–,Li₁₀Mg₇Cl₂₄,,–,,,Baseline,–,
Li⁺,Li+,Chloride,Halide,–,LiCs₂LuCl₆,,–,,,Baseline,–,
Li⁺,Li+,Chloride,Halide,–,LiCs₂YCl₆,,–,,,Baseline,–,
Li⁺,Li+,Chloride,Halide,–,Li₃CsCl₄,,–,,,Baseline,–,
Li⁺,Li+,Chloride,Halide,–,LiYb₂Cl₅,,–,,,Baseline,–,
Li⁺,Li+,Chloride,Halide,–,Li₂CsCl₃,,–,,,Baseline,–,
Li⁺,Li+,Chloride,Halide,–,LiCsCl₂,,–,,,Baseline,–,
Li⁺,Li+,Bromide,Halide,–,LiRbBr₂,,–,,,Baseline,–,
Li⁺,Li+,Bromide,Halide,–,Li₃ErBr₆,,–,0.325,,Baseline,–,
Li⁺,Li+,Nitride-boride,Other,–,LiSr₄(BN₂)₃,,–,,,Baseline,–,
K⁺,K+,1D Nanopore (CNT),Other,COO⁻ termination (3–6 groups),"CNTPs (Carbon Nanotube Porins, 0.8 nm, 10 nm length)",,–,,25,Anion Doping,D ≈ 7.34e-13 m²/s; μ ≈ 7.85e-8 m²/Vs @25 °C,7.34E-13
Li⁺,Li+,"Thio-phosphate (LGPS-type, tetragonal/orthorhombic)",Other,–,Li₁₀GeP₂S₁₂ (LGPS),,0.17–0.18 (FPMD),0.17,25,Baseline,"1.2e-2 / 25 °C (experimental, cited)",0.012
Li⁺,Li+,"Argyrodite (cubic, F4̅3m)",Argyrodite,Cl-doping,Li₆PS₅Cl (annealed 200 °C),,~0.40,0.4,25,Halide Doping,2.87e-5 / 25 °C,2.87E-05
Li⁺,Li+,Argyrodite,Argyrodite,Cl-doping,Li₆PS₅Cl (annealed 300 °C),,~0.40,0.4,25,Halide Doping,2.96e-4 / 25 °C,0.000296
Li⁺,Li+,Argyrodite,Argyrodite,Cl-doping,Li₆PS₅Cl (annealed 400 °C),,~0.40,0.4,25,Halide Doping,5.49e-4 / 25 °C,0.000549
Li⁺,Li+,Argyrodite,Argyrodite,Cl-doping,"Li₆PS₅Cl (annealed 500 °C, pellet)",,0.40 → 0.26 (thin-film),0.26,25,Halide Doping,7.93e-4 / 25 °C,0.000793
Li⁺,Li+,Argyrodite,Argyrodite,Cl-doping,"Li₆PS₅Cl (thin film, 500 °C)",,0.26,0.26,25,Halide Doping,7.43e-4 / 25 °C,0.000743
Li⁺,Li+,"Thio-LISICON (tetragonal, P4₂/nmc)",Other,–,Li₁₀GeP₂S₁₂ (LGPS),,0.17–0.18 (FPMD),0.17,27,Baseline,"1.2e-2 / 25 °C (experimental, cited)",0.012
K⁺,K+,"Sulfide (orthorhombic, Cmc2₁; distorted bcc)",Other,–,β-K₃SbS₄,,0.27,0.27,25,Baseline,2.5e-6 / 25 °C; 1.0e-4 / 180 °C,2.50E-06
K⁺,K+,"Sulfide (orthorhombic, vacancy-rich)",Other,W-doping (8%),K₂.92Sb₀.92W₀.08S₄,,0.27,0.27,25,Cation Doping,7.7e-5 / 25 °C; 1.4e-4 / 40 °C,7.70E-05
Li⁺,Li+,Garnet (tetragonal),Other,–,Li₇La₃Zr₂O₁₂ (LLZ),,0.43,0.43,27,Baseline,9.9e-6 / 27 °C,9.90E-06
Li⁺,Li+,Garnet (cubic),Other,Ta-doping (x=0.25),Li₆.₇₅La₃Zr₁.₇₅Ta₀.₂₅O₁₂,,0.42,0.42,27,Cation Doping,4.1e-4 / 27 °C,0.00041
Li⁺,Li+,Garnet (cubic),Other,Ta-doping (x=0.5),Li₆.₅La₃Zr₁.₅Ta₀.₅O₁₂,,0.4,0.4,27,Cation Doping,6.1e-4 / 27 °C,0.00061
Li⁺,Li+,Garnet (cubic),Other,Ta-doping (x=1.0),Li₆La₃ZrTaO₁₂,,0.42,0.42,27,Cation Doping,2.1e-4 / 27 °C,0.00021
Li⁺,Li+,Argyrodite,Argyrodite,–,Li₆PS₅Cl,,0.11–0.16,0.11,-6,Baseline,– (only D: 0.7e-6 cm²/s @300 K; 5–7e-6 cm²/s @600 K),7.00E-07
Na⁺,Na+,Tetragonal (I4₁/acd),Other,–,Na₁₁Sn₂PS₁₂,,"0.19 (calc.), 0.24 (exp.)",0.24,25,Baseline,1.4–3.7e-3 / 25 °C,
Na⁺,Na+,Tetragonal (I4₁/acd),Other,–,Na₁₁Sn₂PSe₁₂,,"0.18 (calc.), 0.31 (exp.)",0.31,25,Baseline,3.0e-3 / 25 °C,0.003
Na⁺,Na+,Tetragonal (I4₁/acd),Other,–,Na₁₁Sn₂SbS₁₂,,"0.25 (calc.), 0.34 (exp.)",0.34,25,Baseline,0.5–0.6e-3 / 25 °C,0.5
Na⁺,Na+,"NASICON (R-3c, rhombohedral)",NASICON,–,Na₂.₅Zr₂Si₁.₅P₁.₅O₁₂,,~0.39,0.39,,Baseline,–,
Na⁺,Na+,"NASICON (C2/c, monoclinic)",NASICON,–,Na₃Zr₂Si₂P₁O₁₂,,0.34 (below PT ~431 K); 0.28 (above PT),0.28,200,Baseline,1.65e-1 / 200 °C,0.165
Na⁺,Na+,"NASICON (C2/c, monoclinic)",NASICON,–,Na₃.₄Zr₂Si₂.₄P₀.₆O₁₂,,0.32 (below PT ~414 K); 0.24 (above PT),0.32,200,Baseline,1.65e-1 / 200 °C,0.165
Li⁺,Li+,"Garnet (cubic, Ia-3d)",Other,–,Li₇La₃Zr₂O₁₂ (cubic LLZO),,–,,25,Baseline,5.0e-4 / 25 °C (lit.),0.0005
Ag⁺,Ag+,2D Type I superionic conductor (R3̄m),Other,–,KAg₃Se₂ (α-phase),,0.12,0.12,-5,Baseline,D ≈ 1.0e-5 cm²/s at 710–740 K (QENS/AIMD); σ ~ reported in text,1.00E-05
Ag⁺,Ag+,2D Type I SIC,Other,Na substitution,NaₓK₁₋ₓAg₃Se₂ (0 ≤ x ≤ 0.1),,–,,,Anion Substitution,–,
Ag⁺,Ag+,2D Type I SIC,Other,Rb substitution,RbₓK₁₋ₓAg₃Se₂ (0 ≤ x ≤ 0.75),,–,,,Anion Substitution,–,
Ag⁺,Ag+,2D Type I SIC,Other,Cs substitution,CsAg₃Se₂,,–,,,Anion Substitution,–,
F⁻,F-,"Cubic Im3m (anti-α-AgI type, b.c.c.)",Other,K substitution,(PbF₂)₁₋ₓ(KF)ₓ (0.333 ≤ x ≤ 0.68),,–,,,Anion Substitution,0.4 / 675 K,
F⁻,F-,"Cubic Pm3m (partially ordered, perovskite-like)",Other,Rb substitution,(PbF₂)₁₋ₓ(RbF)ₓ (0.333 ≤ x ≤ 0.500),,–,,,Anion Substitution,"Tc = 619 K (x=0.333), decreasing with x",
F⁻,F-,Ordered cubic perovskite Pm3m,Other,Cs substitution,(PbF₂)₀.₅(CsF)₀.₅ (CsPbF₃),,–,,,Anion Substitution,No superionic transition up to 870 K,
Li⁺,Li+,"Halide, P̄3m1",Halide,–,Li₃YCl₆,,0.70 / 0.22,0.22,25,Baseline,"1.4e-4 / 25 °C; Ea=0.70 (<130 °C), Ea=0.22 (>130 °C); extrapolated σRT ≈ 2.9e-2",0.00014
Li⁺,Li+,"Halide, P̄3m1",Halide,Br substitution,Li₃YCl₅.₅Br₀.₅,,0.22,0.22,,Anion Substitution,–,
Li⁺,Li+,"Halide, P̄3m1",Halide,Br substitution,Li₃YCl₅Br,,0.22,0.22,,Anion Substitution,–,
Li⁺,Li+,"Halide, P̄3m1",Halide,Br substitution,Li₃YCl₄.₅Br₁.₅,,0.22,0.22,25,Anion Substitution,6.1e-3 / 25 °C; >1.0e-1 / 80 °C; Tc=70 °C,0.0061
Li⁺,Li+,"Halide, P̄3m1",Halide,"Gd substitution, Br rich",Li₃GdCl₃Br₃,,0.25 / 0.47,0.25,25,Anion Substitution,1.1e-2 / 25 °C; Tc≈−10 °C,0.011
Li⁺,Li+,"Halide, P̄3m1",Halide,–,Li₃YCl₆,,0.70 / 0.22,0.22,25,Baseline,"1.4e-4 / 25 °C; Ea=0.70 (<130 °C), Ea=0.22 (>130 °C); extrapolated σRT ≈ 2.9e-2",0.00014
Li⁺,Li+,"Halide, P̄3m1",Halide,Br substitution,Li₃YCl₅.₅Br₀.₅,,0.22,0.22,,Anion Substitution,–,
Li⁺,Li+,"Halide, P̄3m1",Halide,Br substitution,Li₃YCl₅Br,,0.22,0.22,,Anion Substitution,–,
Li⁺,Li+,"Halide, P̄3m1",Halide,Br substitution,Li₃YCl₄.₅Br₁.₅,,0.22,0.22,25,Anion Substitution,6.1e-3 / 25 °C; >1.0e-1 / 80 °C; Tc=70 °C,0.0061
I⁻,I-,Cubic perovskite (Pm3̅m),Other,Surface functionalization with long-chain ammonium cations,"FAPbI₃ (stabilized with BA, PEA, FPEA ligands)",,–,,,Anion Doping,–,
H⁺,H+,Orthorhombic Pnnm,Other,–,HO₂ (proton superoxide),,–,,,Baseline,"27–72 Ω⁻¹·cm⁻¹ eq. (100–900 GPa, AIMD)",
H⁺/Li⁺,H+,– (LiO₂-derived supercell),Other,Partial Li → H substitution,Li₅₃O₁₀₈H (H–Li mixed superoxide),,–,,,Anion Substitution,Stable at 60 GPa; high conductivity (qualitative),
H⁺/Li⁺,Li+,– (LiO₂-derived supercell),Other,Partial Li → H substitution,Li₅₃O₁₀₈H (H–Li mixed superoxide),,–,,,Anion Substitution,Stable at 60 GPa; high conductivity (qualitative),
Li⁺,Li+,Thio-LISICON,Other,–,Li₁₀GeP₂S₁₂ (LGPS),,0.17–0.18 (FPMD),0.17,,Baseline,"1.2e-2 / 25 °C (experimental, cited)",0.012
Li⁺,Li+,Thio-LISICON,Other,Ge → Si substitution,Li₁₀SiP₂S₁₂,,0.2,0.2,,Anion Substitution,2.3e-2 / 25,0.023
Li⁺,Li+,Thio-LISICON,Other,Ge → Sn substitution,Li₁₀SnP₂S₁₂,,0.24,0.24,,Anion Substitution,6e-3 / 25,0.006
Li⁺,Li+,Thio-LISICON,Other,Aliovalent P⁵⁺ substitution,Li₉P₃S₁₂,,0.26,0.26,,Anion Substitution,4e-3 / 25,0.004
Li⁺,Li+,Thio-LISICON,Other,Aliovalent Al³⁺ substitution,Li₁₁AlP₂S₁₂,,0.18,0.18,,Anion Substitution,3.3e-2 / 25,0.033
Li⁺,Li+,Oxide-LISICON,Other,O substitution,Li₁₀GeP₂O₁₂,,0.36,0.36,,Anion Substitution,3e-5 / 25,3.00E-05
Li⁺,Li+,Selenide-LISICON,Other,Se substitution,Li₁₀GeP₂Se₁₂,,0.19,0.19,,Anion Substitution,2.4e-2 / 25,0.024
Rb⁺,Rb+,Amorphous (borate glass),Amorphous,–,(Rb₂O)₁₀(B₂O₃)₉₀,,–,,,Baseline,σ(T) from impedance; Tg ≈ 550 K,
Rb⁺,Rb+,Amorphous (borate glass),Amorphous,–,(Rb₂O)₁₅(B₂O₃)₈₅,,–,,,Baseline,Conductivity from Arrhenius fits,
Rb⁺,Rb+,Amorphous (borate glass),Amorphous,–,(Rb₂O)₂₀(B₂O₃)₈₀,,–,,,Baseline,Conductivity from σdc(T),
Rb⁺,Rb+,Amorphous (borate glass),Amorphous,–,(Rb₂O)₃₀(B₂O₃)₇₀,,0.97,0.97,,Baseline,σdc(T); Ea ≈ 0.97 eV,0.97
Li⁺,Li+,Argyrodite,Argyrodite,–,Li₆PS₅Cl,,0.11–0.16,0.11,,Baseline,– (only D: 0.7e-6 cm²/s @300 K; 5–7e-6 cm²/s @600 K),7.00E-07
Li⁺,Li+,Argyrodite,Argyrodite,–,Li₆PS₅Br,,0.21–0.30,0.21,,Baseline,~1.0e-3 / 25,0.001
Li⁺,Li+,Argyrodite,Argyrodite,–,Li₆PS₅I,,~0.47,0.47,,Baseline,~1.0e-6 / 25,1.00E-06
Li⁺,Li+,Argyrodite,Argyrodite,–,Li₆PS₅Cl₀.₅Br₀.₅,,~0.30,0.3,,Baseline,~1.0e-3 / 25,0.001
Li⁺,Li+,Argyrodite,Argyrodite,–,Li₆PS₅Cl₁/₃Br₁/₃I₁/₃,,~0.35–0.40,0.35,,Baseline,~1.0e-4–1.0e-5 / 25,0.0001
Cu⁺,Cu+,Antifluorite (α-phase above 414 K),Other,–,Cu₂Se,,– (depends on hopping pathway; no single number),,,Baseline,"D ≈ 5.3×10⁻⁷ cm²/s (423 K, QENS); consistent with σ-derived D ≈ 6.1×10⁻⁷ cm²/s",
Ag⁺,Ag+,Halide (α-AgI stabilized at RT),Halide,Polymer coating (PVP) + nanosizing,"AgI (PVP-coated nanoparticles, 10–41 nm)",,"0.06 (11 nm, cooling branch)",0.06,30,Interface,1.5e-2 / 24 (11 nm particles); stable α-phase down to 30 °C,0.015
Li⁺,Li+,Argyrodite,Argyrodite,Variation in P₂S₅ content (0–45% excess); BM vs liquid-phase,"Li₆PS₅Cl (hc-LPSCl_00, _15, _30, _45; hc-LPSCl_BM)",,0.27–0.32,0.27,,Additive / Excess,"1.20–1.92 (liquid samples), 2.19 (BM) / 25–30",
Li⁺,Li+,Sulfide cluster,Other,–,Li₂Mo₃S₄,,0.134,0.134,,Baseline,6.24e−2 / 25,0.0624
Li⁺,Li+,Nitride,Other,Ta/W substitution,Li₆.₅Ta₀.₅W₀.₅N₄,,0.341,0.341,,Anion Substitution,1.3e−4 / 25,0.00013
Li⁺,Li+,Nitride,Other,Nb/W substitution,Li₆.₅Nb₀.₅W₀.₅N₄,,0.287,0.287,,Anion Substitution,6.3e−4 / 25,0.00063
Li⁺,Li+,Thiophosphate,Other,–,Li₇PSe₆,,0.309,0.309,,Baseline,1.74e−3 / 25,0.00174
Li⁺,Li+,Thiophosphate,Other,–,Li₁₀Ge(PSe₆)₂,,0.314,0.314,,Baseline,1.27e−3 / 25,0.00127
Li⁺,Li+,Thiophosphate,Other,–,Li₁₀Sn(PSe₆)₂,,0.306,0.306,,Baseline,1.40e−3 / 25,0.0014
Li⁺,Li+,Thiophosphate,Other,–,Li₁₀Si(PSe₆)₂,,0.329,0.329,,Baseline,8.6e−4 / 25,0.00086
Li⁺,Li+,Sulfide,Other,Mn/Ta/Sn substitution,Li₂Mn₀.₇₅Ta₀.₅Sn₀.₅S₄,,0.214,0.214,,Anion Substitution,1.70e−2 / 25,0.017
Li⁺,Li+,Sulfide,Other,Zn/Ta substitution,Li₂Zn₀.₅TaS₄,,0.363,0.363,,Anion Substitution,2.1e−4 / 25,0.00021
Li⁺,Li+,Nitride,Other,–,Li₇Cu₂N₃,,0.216,0.216,,Baseline,2.18e−2 / 25,0.0218
Li⁺,Li+,Phosphate,Other,V substitution,Li₅SiP₃ (doped V),,0.351,0.351,,Anion Substitution,5.0e−4 / 25,0.0005
Li⁺,Li+,Silicide,Other,Hf substitution,Li₁₄MgSi₄ (doped Hf),,0.308,0.308,,Anion Substitution,2.7e−3 / 25,0.0027
Li⁺,Li+,Silicide,Other,Hf substitution,Li₂MgSi (doped Hf),,0.351,0.351,,Anion Substitution,5.0e−4 / 25,0.0005
Li⁺,Li+,Novel orthorhombic (slab structure of alternating GeS₄ and PS₄ tetrahedra),Other,Vacancy introduction via aliovalent substitution in Li₂−ₓGe₁−ₓPₓS₃ (x=0.25),Li₂₁Ge₈P₃S₃₄,,0.2,0.2,,Defect / Vacancy,9.5e−4–1.0e−3 / 30,0.00095
Li⁺,Li+,"Halide (Oxychloride, amorphous-rich)",Halide,Cu²⁺ substitution + O²⁻ incorporation (CASE strategy),Li₂.₁Zr₀.₉₅Cu₀.₀₅Cl₄.₄O₀.₈,,0.287,0.287,,Additive / Excess,2.05e-3 / 25,0.00205
Li⁺,Li+,Argyrodite,Argyrodite,"Multi-cation substitution (Ge, Si, Sb)",Li₇₋ₓ(GeSi)(₁₋ₓ)/₂SbₓS₅I (x≈1/3),,0.17,0.17,,Anion Substitution,1.27e-2 / 25 (cold-pressed); 3.22e-2 / 25 (hot-pressed),0.0127
Li⁺,Li+,"Sulfide (Spinel-type, Fd-3m)",Spinel,–,Li₃.₆In₇S₁₁.₈Cl,,0.26,0.26,,Baseline,1.1e-3 / 25 (4.2e-3 after moisture),0.0011
Li⁺,Li+,Halide,Halide,Al³⁺ substitution for Zr⁴⁺,Li₂.₃₇₅Al₀.₃₇₅Zr₀.₆₂₅Cl₆,,0.34,0.34,,Anion Substitution,0.87 / 30,0.87
Li⁺,Li+,Halide,Halide,"Al³⁺ substitution, Li-deficient",Li₁.₆₂₅Al₀.₃₇₅Zr₀.₆₂₅Cl₅.₂₅,,0.30 (exp.); 0.27 (AIMD),0.3,,Defect / Vacancy,1.10 / 30 (exp.); 5.73 / 30 (AIMD),
Li⁺,Li+,Halide,Halide,Fe³⁺ substitution for Zr⁴⁺,Li₂.₂₅Fe₀.₂₅Zr₀.₇₅Cl₆,,–,,,Anion Substitution,0.98 / 30,0.98
Li⁺,Li+,Halide,Halide,"Fe³⁺ substitution, Li-deficient",Li₁.₇₅Fe₀.₂₅Zr₀.₇₅Cl₅.₇₅,,–,,,Defect / Vacancy,1.20 / 30,0.0012
Li⁺,Li+,Halide,Halide,Y³⁺ substitution for Zr⁴⁺,Li₁.₆₂₅Y₀.₃₇₅Zr₀.₆₂₅Cl₅.₂₅,,0.32 (AIMD),0.32,,Anion Substitution,1.35 / 30 (AIMD extrapolated),
Li⁺,Li+,Halide,Halide,"Al³⁺ + Y³⁺ co-doping, Li-deficient",Li₂.₁Zr₀.₆Al₀.₂Y₀.₂Cl₅.₇,,–,,,Defect / Vacancy,1.81 / 30,0.00181
Li⁺,Li+,Halide,Halide,"Al³⁺ + Y³⁺ co-doping, Li-sufficient",Li₂.₄Zr₀.₆Al₀.₂Y₀.₂Cl₆,,–,,,Co-Doping (Cation),0.76 / 30,0.76
Li⁺,Li+,Halide,Halide,"Fe³⁺ + Y³⁺ co-doping, Li-deficient",Li₂.₁Zr₀.₆Fe₀.₂Y₀.₂Cl₅.₇,,–,,,Defect / Vacancy,1.36 / 30,0.00136
Li⁺,Li+,Halide,Halide,"Fe³⁺ + Y³⁺ co-doping, Li-sufficient",Li₂.₄Zr₀.₆Fe₀.₂Y₀.₂Cl₆,,–,,,Co-Doping (Cation),0.95 / 30,0.95
Li⁺,Li+,Halide,Halide,"Fe³⁺ + Al³⁺ co-doping, Li-deficient",Li₁.₈Zr₀.₈Fe₀.₁Al₀.₁Cl₅.₆,,–,,,Defect / Vacancy,1.04 / 30,0.00104
Li⁺,Li+,Halide,Halide,"Fe³⁺ + Al³⁺ co-doping, Li-sufficient",Li₂.₂Zr₀.₈Fe₀.₁Al₀.₁Cl₆,,–,,,Co-Doping (Cation),0.96 / 30,0.96
Li⁺,Li+,Oxychloride (LiMXCl₄),Halide,–,LiNbOCl₄,,0.24,0.24,,Baseline,1.07e-2 / 25 (exp); 1.57e-2 / 25 (AIMD),0.0107
Li⁺,Li+,Oxychloride (LiMXCl₄),Halide,–,LiTaOCl₄,,0.18–0.23,0.18,,Baseline,1.24e-2 / 25 (exp); 6.2e-2 / 25 (AIMD),0.0124
Li⁺,Li+,Oxychloride (LiMXCl₄),Halide,–,LiSbOCl₄,,0.13–0.24,0.13,,Baseline,9e-3 / 25 (AIMD),0.009
Li⁺,Li+,Fluoro-chloride (LiMXCl₄),Halide,–,LiTiFCl₄,,0.13–0.24,0.13,,Baseline,>1e-2 / 25 (AIMD),0.01
Li⁺,Li+,Fluoro-chloride (LiMXCl₄),Halide,–,LiZrFCl₄,,0.13–0.24,0.13,,Baseline,>1e-2 / 25 (AIMD),0.01
Li⁺,Li+,Fluoro-chloride (LiMXCl₄),Halide,Li-stuffed variant,LiHfFCl₄,,≈0.20,0.2,,Li Excess,1.375e-1 / 25 (AIMD),0.1375
Li⁺,Li+,Fluoro-chloride (LiMXCl₄),Halide,–,LiSnFCl₄,,0.13–0.24,0.13,,Baseline,>1e-2 / 25 (AIMD),0.01
Li⁺,Li+,Surface-chemisorbed oxide nanosheets,Other,–,EG–TiO₂ + LiTFSI (surface conductor),,0.21,0.21,,Baseline,2.7e-4 / 25 (compressed aerogel); 5.3e-5 / 25 (as-made),0.00027
Li⁺,Li+,Garnet,Other,–,"LixA₃B₂O₁₂ (0 ≤ x ≤ 9; e.g., Li₇La₃Zr₂O₁₂)",,0.06–0.12 (simulation input),0.06,,Baseline,Trend: Ce matches σexp; optimum at x = 6–7,
Li⁺,Li+,Perovskite,Other,–,LixLa₂/₃–x/3TiO₃ (0 ≤ x ≤ 0.5),,0.12 (simulation input),0.12,,Baseline,Trend: Ce peaks at x ≈ 0.34; σexp correlation R² = 0.812,0.34
Li⁺,Li+,Over-stoichiometric Rocksalt / Spinel-like domains,Spinel,–,Li₁₇In₉SnO₂₄ (o-LISO),,0.245–0.258,0.245,,Baseline,4.09e-4 / 25 (air-quenched); up to 1.45e-3 / 25 (post-annealed),0.000409
Na⁺,Na+,NASICON,NASICON,–,Na₃Zr₂Si₂PO₁₂ (NZSP),,0.3382,0.3382,,Baseline,3.8e-4 / 30,0.00038
Na⁺,Na+,NASICON,NASICON,Zn²⁺ doping,Na₃.₁₀Zr₁.₉₅Zn₀.₀₅Si₂PO₁₂,,–,,,Cation Doping,–,
Na⁺,Na+,NASICON,NASICON,Zn²⁺ doping,Na₃.₂₀Zr₁.₉₀Zn₀.₁₀Si₂PO₁₂,,0.2721,0.2721,,Cation Doping,1.58e-3 / 30,0.00158
Na⁺,Na+,NASICON,NASICON,Zn²⁺ doping,Na₃.₃₀Zr₁.₈₅Zn₀.₁₅Si₂PO₁₂,,–,,,Cation Doping,–,
Na⁺,Na+,NASICON,NASICON,Al³⁺ doping,Na₃.₁₀Zr₁.₉₀Al₀.₁₀Si₂PO₁₂,,0.312,0.312,,Cation Doping,7.5e-4 / 30,0.00075
Na⁺,Na+,NASICON,NASICON,Al³⁺ doping,Na₃.₂₀Zr₁.₈₀Al₀.₂₀Si₂PO₁₂,,–,,,Cation Doping,1.1e-4 / 30,0.00011
Na⁺,Na+,NASICON,NASICON,Al³⁺ doping,Na₃.₃₀Zr₁.₇₀Al₀.₃₀Si₂PO₁₂,,–,,,Cation Doping,5.0e-5 / 30,5.00E-05
Na⁺,Na+,NASICON (monoclinic/rhombohedral),NASICON,–,Na₃.₄Zr₂Si₂.₄P₀.₆O₁₂ (NaZr),,"0.324 (total), 0.285 (bulk)",0.285,,Baseline,3.7e-3 / 25,0.0037
Na⁺,Na+,NASICON,NASICON,Sc³⁺ doping (Zr⁴⁺ site),Na₃.₄Sc₀.₄Zr₁.₆Si₂PO₁₂ (NaSc),,"0.333 (total), 0.315 (bulk)",0.315,,Cation Doping,2.7e-3 / 25,0.0027
Na⁺,Na+,NASICON,NASICON,Al³⁺ + Y³⁺ co-doping (Zr⁴⁺ site),Na₃.₄Al₀.₂Y₀.₂Zr₁.₆Si₂PO₁₂ (NaAlY),,"0.344 (total), 0.313 (bulk)",0.313,,Co-Doping (Cation),2.0e-4 / 25,0.0002
Na⁺,Na+,NASICON (R3̄c),NASICON,–,Na₃Sc₂(PO₄)₃,,–,,,Baseline,9.2e-5 / 23,9.20E-05
Na⁺,Na+,NASICON (R3̄c),NASICON,–,Na₃In₂(PO₄)₃,,–,,,Baseline,1.8e-5 / 23,1.80E-05
Na⁺,Na+,NASICON (R3̄c),NASICON,"Cation mixing (Nb⁵⁺, In³⁺)",NaNbIn(PO₄)₃,,–,,,Anion Doping,1.1e-6 / 23,1.10E-06
Na⁺,Na+,NASICON (R3̄c),NASICON,–,NaZr₂(PO₄)₃,,–,,,Baseline,3.5e-7 / 23,3.50E-07
Na⁺,Na+,NASICON,NASICON,Oxygen vacancies (via PVP-assisted sol-gel),"NaTi₂(PO₄)₃ (NTP-0,1,2,3)",,"0.40 (VO-rich, NTP-2); 0.58 (pristine)",0.4,,Anion Doping,–,
Na⁺,Na+,Closo-carbaborate,Other,Mixed anion,Na1.24[(CB8H9)0.26(CB9H10)0.50(B12H12)0.24] (s1),,0.29–0.40,0.29,,Anion Substitution,~1e-3 / RT,0.001
Na⁺,Na+,Closo-carbaborate,Other,Mixed anion,Na1.11[(CB8H9)0.13(CB9H10)0.76(B12H12)0.11] (s2),,0.29–0.40,0.29,,Anion Substitution,–,
Na⁺,Na+,Closo-carbaborate,Other,Mixed anion,Na[(CB8H9)0.16(CB9H10)0.84] (s3),,0.29–0.40,0.29,,Anion Substitution,–,
Na⁺,Na+,Closo-carbaborate,Other,Mixed anion,Na[(CB8H9)0.22(CB9H10)0.78] (s4),,0.29–0.40,0.29,,Anion Substitution,–,
Na⁺,Na+,Closo-carbaborate,Other,Mixed anion,Na[(CB8H9)0.38(CB9H10)0.62] (s5),,0.29–0.40,0.29,,Anion Substitution,5.5e-3 / 20; 1.4e-1 / 180,0.0055
Na⁺,Na+,Closo-carbaborate,Other,Mixed anion,Na[(CB8H9)0.04(CB9H10)0.96] (s6),,0.29–0.40,0.29,,Anion Substitution,–,
Na⁺,Na+,Closo-carbaborate,Other,–,NaCB9H10 (reference),,–,,,Baseline,~1e-2 / 40,0.01
Na⁺,Na+,Sulfide SIC,Other,–,"Na₆PS₅Cl (NPSC1, P2₁3)",,0.32,0.32,,Baseline,6.7e-4 / 25,0.00067
Na⁺,Na+,Sulfide SIC,Other,–,"Na₅PS₄Cl₂ (NPSC2, Amm2)",,0.35,0.35,,Baseline,2.5e-4 / 25,0.00025
Na⁺,Na+,NAP framework (orthorhombic HT / monoclinic LT),Other,–,Na₄TiP₂O₉ (NTP),,"0.836 (LT), 0.449 (HT)",0.449,,Baseline,2.6e-2 / 300,0.026
Na⁺,Na+,NAP framework,Other,–,Na₄SnP₂O₉ (NSP),,"0.916 (RT–650 °C), 0.867 (650–800 °C), 0.389 (>800 °C)",0.389,,Baseline,1e-7 / RT; higher at 650–800,1.00E-07
Na⁺,Na+,NASICON,NASICON,–,Na₃V₂(PO₄)₃ (NVP),,–,,,Baseline,–,
Na⁺,Na+,– (3D superionic skeleton),Other,–,Na₃P (in CSA),,0.192,0.192,-7,Baseline,Diffusion coeff. ~1.33e-7 cm²/s (vs 2.54e-8 for Na),1.33E-07
Na⁺,Na+,"Bimetal sulfide (C2/m, vacancy-rich)",Other,–,Cu₃.₂₁Bi₄.₇₉S₉,,–,,,Baseline,4.99e-2 / RT (electronic conductivity),0.0499
"Li⁺, Na⁺",Li+,Metal selenide heterostructure,Other,"Fe substitution, Se vacancies, rGO encapsulation",Fe–NiSe₂/CoSe₂@rGO,,–,,,Anion Substitution,"5.75e-3 (Li), 3.15e-3 (Na) / RT",0.00575
"Li⁺, Na⁺",Na+,Metal selenide heterostructure,Other,"Fe substitution, Se vacancies, rGO encapsulation",Fe–NiSe₂/CoSe₂@rGO,,–,,,Anion Substitution,"5.75e-3 (Li), 3.15e-3 (Na) / RT",0.00575
"Li⁺, Na⁺",Li+,Metal selenide heterostructure,Other,Fe substitution,Fe–NiSe₂/CoSe₂,,–,,,Anion Substitution,"4.12e-3 (Li), 2.23e-3 (Na) / RT",0.00412
"Li⁺, Na⁺",Na+,Metal selenide heterostructure,Other,Fe substitution,Fe–NiSe₂/CoSe₂,,–,,,Anion Substitution,"4.12e-3 (Li), 2.23e-3 (Na) / RT",0.00412
"Li⁺, Na⁺",Li+,Metal selenide heterostructure,Other,–,NiSe₂/CoSe₂,,–,,,Baseline,"6.40e-4 (Li), 4.32e-4 (Na) / RT",0.00064
"Li⁺, Na⁺",Na+,Metal selenide heterostructure,Other,–,NiSe₂/CoSe₂,,–,,,Baseline,"6.40e-4 (Li), 4.32e-4 (Na) / RT",0.00064
Ag⁺,Ag+,Argyrodite (orthorhombic; transforms to cubic >355 K),Argyrodite,–,Ag₈SnSe₆,,–,,,Baseline,1e-3 – 1.4e-2 / RT (from refs [4–7]),0.001
Ag⁺,Ag+,Rhombohedral (R3c),Other,–,Ag₁₇(CO₃)₃I₁₁,,0.33,0.33,,Baseline,1.6e-1 / 25,0.16
Ag⁺,Ag+,α-AgI (tetrahedral & octahedral sites),Other,–,"AgI (α-AgI, model cluster)",,–,,,Baseline,–,
Ag⁺,Ag+,"Rock-salt (cubic, P4₁32)",Other,–,Ag₄Sn₃S₈,,–,,,Baseline,Conductivity increases above ~500 K; type-II superionic transition reported,
Ag⁺,Ag+,Triclinic (P1),Other,–,Ag₇P₃O₁₁,,0.38,0.38,,Baseline,3.0e-5 / 25,3.00E-05
Ag⁺,Ag+,Triclinic (P1),Other,–,Ag₇P₃S₁₁,,0.27,0.27,,Baseline,1.21e-3 / 25,0.00121
Ag⁺,Ag+,Triclinic (P1),Other,–,Ag₇P₃Se₁₁,,0.19,0.19,,Baseline,1.398e-2 / 25,0.01398
Ag+,Ag+,b/γ-AgI solid solution (b/γ-AgIss),Other,5 mol% AgBr + 5 mol% AgCl doping,AgI–AgBr–AgCl/MPA (Br5Cl5),,0.29,0.29,,Interface,1.1e-3 / 25,0.0011
Ag+,Ag+,b/γ-AgI solid solution + AgBrClss (phase-separated),Other,10 mol% AgBr + 10 mol% AgCl doping,AgI–AgBr–AgCl/MPA (Br10Cl10),,0.28,0.28,,Interface,9.0e-4 / 25,0.0009
Li+,Li+,NASICON,NASICON,–,Li1.3Al0.3Ti1.7(PO4)3 (LATP),,0.3,0.3,,Baseline,1.9e-4 / 25,0.00019
Li+,Li+,Layered antiperovskite (I4/mmm),Anti-perovskite,–,Li7O2Br3 (defect-free),,–,,25,Baseline,~0 (negligible at 25 °C),
Li+,Li+,Layered antiperovskite (I4/mmm),Anti-perovskite,"Li–Br Schottky defect, vacancy at site I","Li7O2Br3 + Li–Br Schottky defect (Type I, Br vacancy at site I)",,0.44–0.58,0.44,,Defect / Vacancy,3.1e-4 / 25,0.00031
Li+,Li+,Layered antiperovskite (I4/mmm),Anti-perovskite,"Li–Br Schottky defect, vacancy at site II","Li7O2Br3 + Li–Br Schottky defect (Type II, Br vacancy at site II)",,0.27,0.27,125,Defect / Vacancy,7.6e-4 / 25 (2.0e-3 at 125 °C),0.00076
Li+,Li+,Antiperovskite (Pm-3m),Anti-perovskite,–,Li3OCl,,0.31,0.31,,Baseline,8.5e-4 / 25,0.00085
Li+,Li+,Antiperovskite (Pm-3m),Anti-perovskite,–,Li3OBr,,0.37,0.37,,Baseline,2.4e-4 / 25,0.00024
Li+,Li+,Antiperovskite (distorted cubic),Anti-perovskite,Br/Cl mixing at halide sites (six configs),Li3OBr0.5Cl0.5 (s1–s6 configs),,0.282–0.447,0.282,,Anion Substitution,1.35e-3 – 2.45e-3 / 25,0.00135
Li+,Li+,Antiperovskite (distorted cubic),Anti-perovskite,"Br/Cl ordered, high-symmetry config.","Li3OBr0.5Cl0.5 (s6, high symmetry)",,0.35,0.35,,Anion Substitution,2.45e-3 / 25 (→ 8.0e-3 under +4% strain; ↓1.54e-3 under −4%),0.00245
Li+,Li+,Antiperovskite (Pm-3m),Anti-perovskite,–,Li3OCl,,0.31,0.31,,Baseline,8.5e-4 / 25,0.00085
Li+,Li+,Antiperovskite (Pm-3m),Anti-perovskite,–,Li3OBr,,0.37,0.37,,Baseline,2.4e-4 / 25,0.00024
Li+,Li+,Antiperovskite,Anti-perovskite,Partial Br doping (25%),Li3OCl0.75Br0.25,,–,,,Anion Doping,–,
Li+,Li+,Antiperovskite,Anti-perovskite,Br/Cl ratio 1:1,Li3OCl0.5Br0.5,,0.375,0.375,,Anion Substitution,1.94e-3 / 25,0.00194
Li+,Li+,Antiperovskite,Anti-perovskite,Br-rich (75%),Li3OCl0.25Br0.75,,–,,,Halide Composition,–,
Li+,Li+,Antiperovskite,Anti-perovskite,"Li interstitials, vacancies, Li–Cl / Li–Br Schottky, Frenkel","Li3OClxBr1-x + Defects (e.g., 1Liᵢ•, 2Liᵢ••, VLi′, Schottky, Frenkel)",,–,,,Anion Substitution,Max conductivity at 2Liᵢ•• defect; σ enhanced relative to defect-free,
Li+,Li+,Antiperovskite,Anti-perovskite,BF4 cluster substitution + Br doping,Li3O(BF4)0.875Br0.125,,–,,,Anion Substitution,4.49e-3 / 25,0.00449
Li+,Li+,Antiperovskite,Anti-perovskite,CN cluster doping + Cl substitution,Li3S(CN)0.875Cl0.125,,–,,,Anion Substitution,1.47e-3 / 25,0.00147
Li+,Li+,Antiperovskite,Anti-perovskite,CN cluster doping + Br substitution,Li3S(CN)0.75Br0.25,,–,,,Anion Substitution,5.1e-4 / 25,0.00051
Li+,Li+,Antiperovskite (hydroxide-halide),Anti-perovskite,Br doping into Li2OHCl lattice,Li2OHCl0.875Br0.125,,–,,,Anion Substitution,3.69e-3 / 25,0.00369
Na+,Na+,Antiperovskite,Anti-perovskite,BF4 cluster substitution + Br doping,Na3O(BF4)0.875Br0.125,,–,,,Anion Substitution,1.0e-5 / 25,1.00E-05
Na+,Na+,Antiperovskite,Anti-perovskite,AlF4 cluster substitution + I doping,Na3S(AlF4)0.875I0.125,,–,,,Anion Substitution,2.04e-3 / 25,0.00204
K+,K+,Antiperovskite (hydroxide-cluster),Anti-perovskite,AlF4 cluster + Br doping,K2OH(AlF4)0.875Br0.125,,–,,,Anion Substitution,1.96e-2 / 25,0.0196
K+,K+,Antiperovskite (hydroxide-cluster),Anti-perovskite,AlF4 cluster + higher Br ratio,K2OH(AlF4)0.75Br0.25,,–,,,Anion Substitution,1.47e-2 / 25,0.0147
Na+,Na+,"Anti-perovskite (2D, I4/mmm symmetry)",Anti-perovskite,"Defect engineering: Na interstitial (Nai), Na vacancy (VNa), VO, Oi",Na4OI2,,"0.12 (NEB, Nai path); 0.17 (AIMD)",0.17,,Defect / Vacancy,"1.4e-2 / 25 (for Nai defects, RT extrapolated)",0.014
Na+,Na+,Anti-perovskite (Pm-3m cubic),Anti-perovskite,–,c-Na3HS (pristine),,0.298 ± 0.05,0.298,,Baseline,1.0e-5 / 25,1.00E-05
Na+,Na+,Anti-perovskite (defected),Anti-perovskite,Single Na vacancy,Na2.96HS (Na-vacancy),,0.12 ± 0.0067,0.12,,Defect / Vacancy,3.3e-2 / 25,0.033
Na+,Na+,Anti-perovskite (halogen-doped),Anti-perovskite,Cl substitution + Na vacancy,Na2.92HS0.92Cl0.07,,–,,,Defect / Vacancy,1.38e-1 / 327,0.138
Na+,Na+,Anti-perovskite (halogen-doped),Anti-perovskite,Br substitution + Na vacancy,Na2.92HS0.92Br0.07,,–,,,Defect / Vacancy,1.48e-1 / 327,0.148
Na+,Na+,Anti-perovskite (halogen-doped),Anti-perovskite,F substitution + Na vacancy,Na2.92HS0.92F0.07,,–,,,Defect / Vacancy,1.06e-1 / 327,0.106
Na+,Na+,Anti-perovskite (halogen-doped),Anti-perovskite,I substitution + Na vacancy,Na2.92HS0.92I0.07,,–,,,Defect / Vacancy,1.12e-1 / 327,0.112
Na+,Na+,Anti-perovskite (Pm-3m cubic),Anti-perovskite,–,c-Na3HS (pristine),,0.298 ± 0.05,0.298,,Baseline,1.0e-5 / 25,1.00E-05
Na+,Na+,Anti-perovskite (defected),Anti-perovskite,Single Na vacancy,Na2.96HS (Na-vacancy),,0.12 ± 0.0067,0.12,,Defect / Vacancy,3.3e-2 / 25,0.033
Na+,Na+,Anti-perovskite (halogen-doped),Anti-perovskite,Cl substitution + Na vacancy,Na2.92HS0.92Cl0.07,,–,,,Defect / Vacancy,1.38e-1 / 327,0.138
Na+,Na+,Anti-perovskite (halogen-doped),Anti-perovskite,Br substitution + Na vacancy,Na2.92HS0.92Br0.07,,–,,,Defect / Vacancy,1.48e-1 / 327,0.148
Na+,Na+,Anti-perovskite (halogen-doped),Anti-perovskite,F substitution + Na vacancy,Na2.92HS0.92F0.07,,–,,,Defect / Vacancy,1.06e-1 / 327,0.106
Na+,Na+,Anti-perovskite (halogen-doped),Anti-perovskite,I substitution + Na vacancy,Na2.92HS0.92I0.07,,–,,,Defect / Vacancy,1.12e-1 / 327,0.112
Na+,Na+,Anti-perovskite,Anti-perovskite,Vacancy-mediated Na+ diffusion,"Na3OCl (bulk, pristine, cubic)",,0.29,0.29,,Defect / Vacancy,8.5e-3 / 427,0.0085
Na+,Na+,Anti-perovskite (bicrystal),Anti-perovskite,Symmetric tilt GB Σ3(111),Na3OCl with Σ3(111) GB,,0.29,0.29,,Interface,6.6e-3 / 427,0.0066
Na+,Na+,Anti-perovskite (bicrystal),Anti-perovskite,Symmetric tilt GB Σ5(021),Na3OCl with Σ5(021) GB,,0.29,0.29,,Interface,5.6e-3 / 427,0.0056
Li+,Li+,Anti-perovskite (orthorhombic/monoclinic mix),Anti-perovskite,–,Li2OHCl (pellet),,0.098,0.098,,Baseline,5.4e-3 / 25; 2.69e-3 / 90; 4.6e-3 / 150,0.0054
Li+,Li+,Anti-perovskite/polymer-in-ceramic,Anti-perovskite,Polysulfone binder (SO groups),Li2OHCl-g-PSU (composite),,3.15 (Arrhenius); 2.72 (VTF),,,Binder Modification,2.2e-4 / 25; 4.1e-3 / 90; 1.35e-2 / 150,0.00022
Li+,Li+,Anti-perovskite/polymer-in-ceramic,Anti-perovskite,Polyamide-imide binder (NR groups),Li2OHCl-g-PAI (composite),,2.42 (Arrhenius); 2.54–1.32 (VTF),,,Binder Modification,7.3e-6 / 25; 3.47e-3 / 150,7.30E-06
Li+,Li+,"Anti-perovskite (cubic, Pm-3m, a = 3.91 Å)",Anti-perovskite,–,Li3OCl,,0.31,0.31,,Baseline,8.5e-4 / 25,0.00085
Li+,Li+,"Anti-perovskite (cubic, Pm-3m, a = 4.02 Å)",Anti-perovskite,–,Li3OBr,,0.37,0.37,,Baseline,2.4e-4 / 25,0.00024
Li+,Li+,Anti-perovskite (mixed-halide cubic),Anti-perovskite,Cl/Br mixing,Li3OCl0.5Br0.5,,0.375,0.375,,Anion Substitution,1.94e-3 / 25,0.00194
Li+,Li+,Anti-perovskite,Anti-perovskite,Li/Cl depletion (δ = 0.05–0.20); unintended Al3+ doping,Li3-δOCl1-δ / Li3-δO(Cl0.5Br0.5)1-δ (depleted),,–,,,Anion Doping,Conductivity enhanced (orders higher than pristine),
Li+,Li+,"Argyrodite (cubic, F-43m)",Argyrodite,Cl-rich substitution (anion disorder),Li5.5PS4.5Cl1.5 (LPSCl1.5),,0.23,0.23,,Anion Substitution,7.8e-3 / 25; ~1.0e-2,0.0078
Li+,Li+,Argyrodite,Argyrodite,Cl substitution tuning (0–0.7),Li6-aPS5-aCl1+a (0 ≤ a ≤ 0.7) series,,0.23–0.35,0.23,,Additive / Excess,Up to 7.8e-3 / 25 (best at a=0.5),0.0078
Li+,Li+,Argyrodite (BH4-substituted),Argyrodite,–,Li3PS4·2.5LiBH4 (x=0),,–,,,Baseline,1.06e-2 / 25,0.0106
Li+,Li+,Argyrodite (BH4/Cl mixed),Argyrodite,Co-substitution (0.5Cl),Li3PS4·2LiBH4·0.5LiCl (x=0.5),,0.30 (28.7 kJ/mol),0.297456,,Co-Doping (Cation),1.48e-2 / 25,0.0148
Li+,Li+,Argyrodite,Argyrodite,Co-substitution,Li3PS4·1.9LiBH4·0.6LiCl (x=0.6),,–,,,Co-Doping (Cation),1.49e-2 / 25,0.0149
Li+,Li+,Argyrodite,Argyrodite,Co-substitution,Li3PS4·1.8LiBH4·0.7LiCl (x=0.7),,–,,,Co-Doping (Cation),1.51e-2 / 25,0.0151
Li+,Li+,Argyrodite,Argyrodite,Co-substitution,Li3PS4·1.5LiBH4·1LiCl (x=1),,0.31,0.31,,Co-Doping (Cation),9.2e-3 / 25,0.0092
Li+,Li+,Argyrodite,Argyrodite,Co-substitution,Li3PS4·1LiBH4·1.5LiCl (x=1.5),,0.3,0.3,,Co-Doping (Cation),5.2e-3 / 25,0.0052
Li+,Li+,Argyrodite (reduced phase fraction),Argyrodite,Co-substitution,Li3PS4·0.5LiBH4·2LiCl (x=2),,0.33,0.33,,Co-Doping (Cation),2.4e-3 / 25,0.0024
Li+,Li+,Non-argyrodite (residual LiCl),Argyrodite,–,Li3PS4·2.5LiCl (x=2.5),,0.29,0.29,,Baseline,4.0e-4 / 25,0.0004
Li+,Li+,Argyrodite (sulfide),Argyrodite,–,"Li6PS5Cl (LPSC-P, pristine)",,–,,,Baseline,~1.3e-3 / 25,0.0013
Li+,Li+,Argyrodite,Argyrodite,Ga3+ doping (5% P replaced),Li6.1P0.95Ga0.05S5Cl (LPSC-0.05),,–,,,Anion Substitution,3.9e-3 / 25,0.0039
Li+,Li+,Argyrodite,Argyrodite,Ga3+ doping (7% P replaced),Li6.14P0.93Ga0.07S5Cl (LPSC-0.07),,–,,,Anion Substitution,2.6e-3 / 25,0.0026
Li+,Li+,Sulfide (LGPS-type),Other,Br- substitution,Li9.9SnP2S11.9Br0.1 (pristine),,0.26,0.26,,Anion Substitution,5.88e-3 / 25,0.00588
Li+,Li+,Sulfide (O-doped),Other,O substitution (0.5),Li9.9SnP2S11.4Br0.1O0.5,,–,,,Anion Substitution,4.22e-3 / 25,0.00422
Li+,Li+,Sulfide (O-doped),Other,O substitution (1.0),Li9.9SnP2S10.9Br0.1O1.0,,0.29,0.29,,Anion Substitution,4.08e-3 / 25,0.00408
Li+,Li+,Sulfide (O-doped),Other,O substitution (1.5),Li9.9SnP2S10.4Br0.1O1.5,,–,,,Anion Substitution,2.70e-3 / 25,0.0027
Li+,Li+,"Sulfide (O-doped, high O)",Other,O substitution (2.0),Li9.9SnP2S9.9Br0.1O2.0,,–,,,Anion Substitution,1.78e-3 / 25,0.00178
Li+,Li+,Argyrodite (halide-excess),Argyrodite,–,"Li5.4PS4.4Cl0.6Br1.0 (LiPSClBr, pristine)",,–,,,Baseline,1.08e-2 / 25,0.0108
Li+,Li+,"Argyrodite (core–shell, oxidized shell)",Argyrodite,"Surface oxidation via KMnO4 (200 °C, 1 h)",O-LiPSClBr (surface-oxidized),,–,,,Anion Doping,"8.15e-3 / 25 (6.85e-3 after 24h air, 84% retention)",0.00815
Li+,Li+,Argyrodite (halide-excess),Argyrodite,Reduced particle size,"LiPSClBr_s (small particle, D50=3.6 µm)",,–,,,Nanostructure,"5.29e-3 / 25 (1.31e-3 after 24h air, 24.8% retention)",0.00529
Li+,Li+,"Argyrodite (core–shell, oxidized shell, small particle)",Argyrodite,Surface oxidation,"O-LiPSClBr_s (oxidized, small particle)",,–,,,Surface Oxidation,"2.49e-3 / 25 (1.63e-3 after 24h air, 65.5% retention)",0.00249
Li+,Li+,Argyrodite,Argyrodite,–,Li6AsS5I (pristine),,–,,,Baseline,3.0e-6 / 303 K,3.00E-06
Li+,Li+,Argyrodite,Argyrodite,Ge substitution (x=0.25),Li6.25Ge0.25As0.75S5I,,~0.18,0.18,,Anion Substitution,1.2e-3 / 303 K,0.0012
Li+,Li+,Argyrodite,Argyrodite,Ge substitution (x=0.333),Li6.333Ge0.333As0.667S5I,,~0.15,0.15,,Anion Substitution,3.2e-3 / 303 K,0.0032
Li+,Li+,Argyrodite,Argyrodite,Sn substitution (x=0.333),Li6.333Sn0.333As0.667S5I,,–,,,Anion Substitution,1.4e-4 / 303 K,0.00014
Li+,Li+,Argyrodite (thioarsenate),Argyrodite,–,Li6AsS5Br,,0.184,0.184,,Baseline,2.0e-3 / 25,0.002
Li+,Li+,Argyrodite (thioarsenate),Argyrodite,Br substitution (x=0.3),Li5.7AsS4.7Br1.3,,0.214,0.214,,Anion Substitution,~1.0e-2 / 25,0.01
Li+,Li+,Argyrodite (thioarsenate),Argyrodite,Br substitution (x=0.5),Li5.5AsS4.5Br1.5,,0.257,0.257,,Anion Substitution,1.54e-2 / 25,0.0154
Li+,Li+,Argyrodite,Argyrodite,–,Li6PS5Cl,,0.38,0.38,,Baseline,~1.0e-3 / 25,0.001
Li+,Li+,Argyrodite,Argyrodite,Mg + Cl codoping,Li5.375Mg0.125PS4.625Cl1.375,,0.38,0.38,,Co-Doping (Cation),~1.3e-3 / 25,0.0013
Li+,Li+,Argyrodite,Argyrodite,Mg + Cl codoping,Li5.375Mg0.0625PS4.5Cl1.5,,0.36,0.36,,Co-Doping (Cation),~1.5e-3 / 25,0.0015
Li+,Li+,Argyrodite,Argyrodite,Mg + Cl codoping,Li5.8Mg0.1PS5Cl,,0.38,0.38,,Co-Doping (Cation),~1.2e-3 / 25,0.0012
Li+,Li+,Argyrodite,Argyrodite,–,Li6PS5Cl (This work-1),,0.22,0.22,,Baseline,3.11e-3 / 25,0.00311
Li+,Li+,Argyrodite,Argyrodite,–,"Li6PS5Cl (This work-2, scale-up)",,0.22,0.22,,Baseline,5.71e-3 / 25,0.00571
Li+,Li+,Argyrodite,Argyrodite,–,Li6PS5Br,,–,0.417,,Baseline,1.40e-3 / 25,0.0014
Li+,Li+,Argyrodite,Argyrodite,–,Li6PS5I,,–,0.419,,Baseline,9.6e-4 / 25,0.00096
Li+,Li+,Orthorhombic,Other,–,β-Li3PS4,,–,,,Baseline,3.4e-4 / 25,0.00034
Li+,Li+,Orthorhombic,Other,–,Li3SbS4 (glass-ceramic),,–,,,Baseline,2.5e-4 / 25,0.00025
Li+,Li+,Amorphous,Amorphous,–,Li4SiS4 (glass),,–,,,Baseline,7.7e-3 / 25,0.0077
Li+,Li+,Argyrodite,Argyrodite,–,Li6PS5Cl (This work-1),,0.22,0.22,,Baseline,3.11e-3 / 25,0.00311
Li+,Li+,Argyrodite,Argyrodite,–,"Li6PS5Cl (This work-2, scale-up)",,0.22,0.22,,Baseline,5.71e-3 / 25,0.00571
Li+,Li+,Argyrodite,Argyrodite,–,Li6PS5Br,,–,0.417,,Baseline,1.40e-3 / 25,0.0014
Li+,Li+,Argyrodite,Argyrodite,–,Li6PS5I,,–,0.419,,Baseline,9.6e-4 / 25,0.00096
Li+,Li+,Orthorhombic,Other,–,β-Li3PS4,,–,,,Baseline,3.4e-4 / 25,0.00034
Li+,Li+,Orthorhombic,Other,–,Li3SbS4 (glass-ceramic),,–,,,Baseline,2.5e-4 / 25,0.00025
Li+,Li+,Amorphous,Amorphous,–,Li4SiS4 (glass),,–,,,Baseline,7.7e-3 / 25,0.0077
Cu+ / In3+ / Sn4+ (mixed cation),Cu+,Spinel (cation-disordered),Spinel,–,CuInSnS4,,–,,,Baseline,– (reported as 'mixed superionic conduction'),
Cu+ / In3+ / Sn4+ (mixed cation),In3+,Spinel (cation-disordered),Spinel,–,CuInSnS4,,–,,,Baseline,– (reported as 'mixed superionic conduction'),
Cu+ / In3+ / Sn4+ (mixed cation),Sn4+,Spinel (cation-disordered),Spinel,–,CuInSnS4,,–,,,Baseline,– (reported as 'mixed superionic conduction'),
Cu+ / In3+ (mixed cation),Cu+,Defect spinel,Spinel,–,CuIn11S17,,–,,,Baseline,– (reported as 'mixed superionic conduction'),
Cu+ / In3+ (mixed cation),In3+,Defect spinel,Spinel,–,CuIn11S17,,–,,,Baseline,– (reported as 'mixed superionic conduction'),
Li+,Li+,Inverse spinel halide (Fd3̅m),Halide,–,"Li2MgCl4 (LMC2, pristine)",,0.539,0.539,,Baseline,9.6e-8 / 25,9.60E-08
Li+,Li+,Inverse spinel halide (Fd3̅m),Halide,Zr4+ doping → cation disorder at 16c,Li1.25Zr0.375Mg0.625Cl4 (LZMC1.25),,0.476,0.476,,Anion Doping,1.4e-5 / 25,1.40E-05
Li+,Li+,Inverse spinel halide,Halide,Zn2+ doping → Li vacancies,Li1.6Zn0.2MgCl4,,–,,,Anion Doping,1.2e-5 / 25,1.20E-05
Li+,Li+,Inverse spinel halide,Halide,Al3+ doping,Li1.2Mg0.95Al0.3Cl4,,–,,,Cation Doping,3.0e-4 / 25,0.0003
Li+,Li+,Inverse spinel halide,Halide,Zr4+ doping,Li2Mg1/3Zr1/3Cl4,,–,,,Cation Doping,2.8e-5 / 25,2.80E-05
Na+,Na+,Rock-salt halide,Halide,–,Na3InCl6,,0.26,0.26,,Baseline,2.86 / 25,0.00286
Na+,Na+,Rock-salt halide,Halide,Partial In3+/Sc3+ substitution,Na3In0.667Sc0.333Cl6,,0.2,0.2,,Anion Substitution,8.50 / 25,0.0085
Na+,Na+,Rock-salt halide,Halide,In3+/Sc3+ mixed,Na3In0.5Sc0.5Cl6,,0.32,0.32,,Hybrid Composite,0.68 / 25,0.68
Na+,Na+,Rock-salt halide,Halide,In3+/Sc3+ mixed,Na3In0.333Sc0.667Cl6,,0.24,0.24,,Hybrid Composite,3.50 / 25,0.0035
Na+,Na+,Rock-salt halide,Halide,Pure Sc3+,Na3ScCl6,,0.43,0.43,,Reference,2.36e-2 / 25,0.0236
Na+,Na+,Spinel halide,Halide,–,Na2In0.666Cl4,,0.3,0.3,,Baseline,0.22 / 25,0.22
Na+,Na+,Spinel halide,Halide,In3+/Sc3+ mixed,Na2In0.4Sc0.2Cl4,,0.52,0.52,,Hybrid Composite,2.25e-3 / 25,0.00225
Na+,Na+,Spinel halide,Halide,In3+/Sc3+ mixed,Na2In0.2Sc0.4Cl4,,0.38,0.38,,Hybrid Composite,7.10e-2 / 25,0.071
Li+,Li+,Rock-salt halide,Halide,–,Li3AlCl6,,0.124,0.124,,Baseline,158 / 25,0.158
Li+,Li+,Rock-salt halide,Halide,–,Li3ScCl6,,0.29,0.29,,Baseline,1.06 / 25,0.00106
Li+,Li+,Rock-salt halide,Halide,–,Li3SmCl6,,–,,,Baseline,– (unstable at high T),
Li+,Li+,Rock-salt halide,Halide,–,Li3YCl6,,–,0.33,,Baseline,– (~1 mS/cm from lit.),0.001
Li+,Li+,Spinel halide,Halide,–,Li2Sm2/3Cl4,,0.194,0.194,,Baseline,15.3 / 25,0.0153
Li+,Li+,Spinel halide,Halide,–,Li2Sc2/3Cl4,,–,,,Baseline,~1 / 25,1
Li+,Li+,Spinel halide,Halide,–,Li2Y2/3Cl4,,–,,,Baseline,"Stable ≤1000 K, melts >1200 K",
Li+,Li+,Spinel halide,Halide,–,Li2Al2/3Cl4,,–,,,Baseline,"– (linear MSD, high Li diffusion)",
Li+,Li+,Monoclinic halide,Halide,–,LiScCl4,,0.24,0.24,,Baseline,8.34 / 25,0.00834
Li+,Li+,Monoclinic halide,Halide,–,LiAlCl4,,0.27,0.27,,Baseline,3.85 / 25,0.00385
Li+,Li+,Monoclinic halide,Halide,–,LiYCl4,,–,,,Baseline,–,
Li+,Li+,Monoclinic halide,Halide,–,LiSmCl4,,–,,,Baseline,"– (stable, wide 0.69–4.36 V window)",0.69
Li+,Li+,"Monoclinic (C2/m), defect rock-salt type in superionic phase",Other,–,Li3InBr6,,0.31–0.23,0.31,,Baseline,4.0e-3 / 330 K,0.004
Li+,Li+,Defect spinel (Fd3̅m) above 315 K,Spinel,–,LiInBr4,,–,,,Baseline,Superionic phase above 315 K (σ rises steeply; no exact RT value given),
Li+,Li+,Over-stoichiometric rocksalt (o-DRX),Other,Li over-stoichiometry,Li17In9SnO24 (o-LISO),,0.255,0.255,,Anion Doping,3.38e-4 / 25,0.000338
Li+,Li+,Disordered rocksalt,Other,Li deficiency,ns-LISO (near-stoichiometric DRX),,0.552,0.552,,Anion Doping,3.32e-8 / 25,3.32E-08
Li+,Li+,Spinel,Spinel,–,LiTi2S4,,0.157,0.157,,Baseline,1.03e-2 / 25,0.0103
Li+,Li+,Spinel,Spinel,–,LiTb2S4,,0.151,0.151,,Baseline,1.28e-2 / 25,0.0128
Li+,Li+,Spinel,Spinel,Fe doping at Mn site,LiMn1.5Fe0.5S4,,0.135,0.135,,Tm Doping,2.05e-2 / 25,0.0205
Li+,Li+,Spinel,Spinel,Mo doping at Mn site,LiMn1.5Mo0.5O4,,0.146,0.146,,Anion Doping,1.38e-2 / 25,0.0138
Li+,Li+,Spinel,Spinel,V doping at Mn site,LiMn1.5V0.5S4,,0.153,0.153,,Anion Doping,1.11e-2 / 25,0.0111
Li+,Li+,Spinel,Spinel,Tb doping at Mn site,LiMn1.5Tb0.5S4,,0.149,0.149,,Anion Doping,1.43e-2 / 25,0.0143
Li+,Li+,Spinel,Spinel,Ru doping at Mn site,LiMn1.5Ru0.5S4,,0.142,0.142,,Anion Doping,1.65e-2 / 25,0.0165
Li+,Li+,Spinel,Spinel,Ta doping at Mn site,LiMn1.5Ta0.5O4,,0.154,0.154,,Cation Doping,1.21e-2 / 25,0.0121
Mg2+,Mg2+,Spinel,Spinel,–,MgYb2Se4,,0.364,0.364,,Baseline,1.4e-4 / 25,0.00014
Mg2+,Mg2+,Spinel,Spinel,"Multicationic substitution (Sc, Y, Er, Tm, Yb)",MgSc0.4Y0.4Er0.4Tm0.4Yb0.4Se4,,0.38–0.40,0.38,,Anion Substitution,2.4–5.5e-5 / 25,
Mg2+,Mg2+,Spinel,Spinel,Anion substitution (Se → Br),Mg0.75Sc2Se3.5Br0.5,,0.38–0.40,0.38,,Anion Substitution,2.4–5.5e-5 / 25,
Na+,Na+,Tetragonal (glass–ceramic),Amorphous,–,"Na3PS4 (x=0, glass–ceramic)",,0.41,0.41,,Baseline,2.0e-4 / 25,0.0002
Na+,Na+,Tetragonal (glass–ceramic),Amorphous,Ca3N2 doping (5 mol%),"95Na3PS4–5Ca3N2 (x=5, glass–ceramic)",,0.43,0.43,,Nitride Doping,5.0e-4 / 25,0.0005
Na+,Na+,Tetragonal (glass–ceramic),Amorphous,Ca3N2 doping (8 mol%),"92Na3PS4–8Ca3N2 (x=8, glass–ceramic)",,0.33,0.33,,Nitride Doping,8.14e-4 / 25,0.000814
Na+,Na+,Tetragonal (glass–ceramic),Amorphous,Ca3N2 doping (10 mol%),"90Na3PS4–10Ca3N2 (x=10, glass–ceramic)",,0.35,0.35,,Nitride Doping,6.0e-4 / 25,0.0006
Li+,Li+,"Trigonal (hcp, ~46% amorphous)",Amorphous,–,Li2ZrCl6,,0.118,0.118,,Baseline,1.0e-4 / 25,0.0001
Li+,Li+,Oxyhalide (~69% amorphous),Halide,Partial Cl → O substitution (33.3%),Li2ZrCl4O,,–,,,Anion Substitution,2.0e-4 / 25,0.0002
Li+,Li+,Highly amorphous oxyhalide (~89.5%),Halide,Partial Cl → O substitution (42.9%),Li3ZrCl4O1.5,,0.294,0.294,,Anion Substitution,1.35e-3 / 25,0.00135
Li+,Li+,Amorphous oxyhalide,Halide,Higher O substitution,Li4ZrCl4O2,,–,,,Anion Substitution,Lower than Li3ZrCl4O1.5,
Li+,Li+,Amorphous oxychloride,Halide,–,1.6Li2O–TaCl5 (Sample 7),,–,,,Baseline,7.17e-3 / 25,0.00717
Li+,Li+,Amorphous oxychloride,Halide,–,1.6Li2O–TaCl5 (Sample 8),,–,,,Baseline,8.30e-3 / 25,0.0083
Li+,Li+,Amorphous oxychloride,Halide,–,1.6Li2O–TaCl5 (Sample 5),,–,,,Baseline,6.94e-3 / 25,0.00694
Li+,Li+,Amorphous oxychloride,Halide,–,1.6Li2O–TaCl5 (Sample 6),,–,,,Baseline,5.63e-3 / 25,0.00563
Li+,Li+,Amorphous oxychloride,Halide,–,1.6Li2O–TaCl5 (Sample 4),,–,,,Baseline,3.54e-3 / 25,0.00354
Li+,Li+,Amorphous oxychloride,Halide,–,1.6Li2O–TaCl5 (Sample 9),,–,,,Baseline,6.3e-5 / 25,6.30E-05
Li+,Li+,Amorphous oxychloride,Halide,–,1.6Li2O–TaCl5 (Sample 1),,–,,,Baseline,1.9e-4 / 25,0.00019
Li+,Li+,Amorphous LPS,Amorphous,–,r-PS4 (amorphous),,0.236–0.265,0.236,,Baseline,1.29e-2 (ρ=1.8 g/cm³); 3.81e-3 (ρ=2.0 g/cm³),0.0129
Li+,Li+,Amorphous LPS,Amorphous,–,1P2S7 (amorphous),,0.260–0.353,0.26,,Baseline,6.95e-3 (ρ=1.8 g/cm³); 4.32e-4 (ρ=2.0 g/cm³),0.00695
Li+,Li+,Amorphous LPS,Amorphous,–,1P2S6 (amorphous),,0.185–0.289,0.185,,Baseline,4.04e-2 (ρ=1.8 g/cm³); 2.36e-3 (ρ=2.0 g/cm³),0.0404
Li+,Li+,Amorphous LPS,Amorphous,–,2P2S7 (amorphous),,0.304–0.286,0.304,,Baseline,2.68e-3; 2.64e-3,0.00268
Li+,Li+,Amorphous LPS,Amorphous,–,1P2S7–1S,,0.287–0.411,0.287,,Baseline,4.24e-3; 1.11e-4,0.00424
Li+,Li+,Amorphous LPS,Amorphous,–,1P2S6–2S,,0.223–0.327,0.223,,Baseline,1.77e-2; 7.72e-4,0.0177
Li+,Li+,Amorphous LPS,Amorphous,–,2P2S7–2S,,0.249–0.254,0.249,,Baseline,9.91e-3; 5.68e-3,0.00991
Li+,Li+,Amorphous LPS,Amorphous,–,2P2S6–4S,,0.343–0.321,0.343,,Baseline,1.14e-3; 1.01e-3,0.00114
Li+,Li+,β-phase,Other,–,β-Li3PS4 (crystalline),,0.301,0.301,,Baseline,2.31E-03,0.00231
Li+,Li+,α-phase,Other,–,α-Li3PS4 (crystalline),,0.235,0.235,,Baseline,1.49E-02,0.0149
Li+,Li+,Glass-ceramic,Amorphous,–,Li7P3S11 (crystalline),,0.174,0.174,,Baseline,6.35E-02,0.0635
Na+,Na+,γ-phase (superionic),Other,–,γ–Na3PS4,,0.18,0.18,,Baseline,2.54e-2 / 27,0.0254
Na+,Na+,Cubic,Other,–,c–Na3PS4,,–,,,Baseline,5.7e-4 / 27,0.00057
Na+,Na+,Tetragonal,Other,–,t–Na3PS4,,–,,,Baseline,1.3e-6 / 27,1.30E-06
Na+,Na+,Amorphous (S1),Amorphous,–,Na3PS4 (S1 amorphous),,0.17,0.17,,Baseline,–,
Na+,Na+,Amorphous (S2),Amorphous,–,Na3PS4 (S2 amorphous),,0.24,0.24,,Baseline,–,
Na+,Na+,Amorphous (S3),Amorphous,–,Na3PS4 (S3 amorphous),,0.88,0.88,,Baseline,–,
Na+,Na+,Amorphous (S4),Amorphous,–,Na3PS4 (S4 amorphous),,0.47,0.47,,Baseline,–,
Ag+,Ag+,Amorphous SIC,Amorphous,–,50AgI–37.5Ag2O–12.5B2O3 (SISOBO),,–,,,Baseline,5.0e-3 / 25,0.005
Ag+,Ag+,Amorphous SIC,Amorphous,–,50AgI–25Ag2O–25CrO3 (SISOCO),,–,,,Baseline,7.0e-3 / 25,0.007
Ag+,Ag+,Amorphous SIC,Amorphous,–,50AgI–33.5Ag2O–16.5V2O5 (SISOVO),,–,,,Baseline,3.0e-3 / 25,0.003
Ag+,Ag+,Amorphous SIC,Amorphous,–,50AgI–25Ag2O–25CrO3 (50SISOCO),,0.21–0.27,0.21,,Baseline,7.0e-3 / 27,0.007
Ag+,Ag+,Amorphous SIC,Amorphous,–,60AgI–20Ag2O–20CrO3 (60SISOCO),,0.27,0.27,,Baseline,1.0e-2 / 27,0.01
Ag+,Ag+,Partially amorphous SIC,Amorphous,–,70AgI–15Ag2O–15CrO3 (70SISOCO),,0.27,0.27,,Baseline,"1.1e-2 / 27 (best, 66 h)",0.011
Li+,Li+,Amorphous glass,Amorphous,–,Li3PS4 (x=0),,0.307,0.307,,Baseline,3.4e-4 / 25; 1.17e-2 / 100,0.00034
Li+,Li+,Amorphous glass,Amorphous,Br doping,Li3PS3.5Br0.5 (x=0.5),,0.291,0.291,,Anion Doping,1.0e-3 / 25,0.001
Li+,Li+,Amorphous glass,Amorphous,Br doping,Li3PS3Br (x=1.0),,0.277,0.277,,Anion Doping,1.86e-3 / 25; 1.17e-2 / 100,0.00186
Li+,Li+,Partially crystalline,Other,Excess Br doping,Li3PS2.5Br1.5 (x=1.5),,0.288,0.288,,Additive / Excess,7.0e-4 / 25,0.0007
Na+,Na+,Sulfide (crystalline),Other,–,Na3PS4,,0.39,0.39,,Baseline,7.5e-5 / 25,7.50E-05
Na+,Na+,Amorphous oxysulfide,Amorphous,Na2SO3 additive (5 mol%),95(0.75Na2S·0.25P2S5)·5Na2SO3,,0.51,0.51,,Additive / Excess,1.2e-5 / 25,1.20E-05
Na+,Na+,Amorphous oxysulfide,Amorphous,Na2SO4 additive (5 mol%),95(0.75Na2S·0.25P2S5)·5Na2SO4,,0.5,0.5,,Additive / Excess,1.6e-5 / 25,1.60E-05
Na+,Na+,Amorphous oxysulfide,Amorphous,Na3PO4 additive (5 mol%),95(0.75Na2S·0.25P2S5)·5Na3PO4,,0.5,0.5,,Additive / Excess,1.1e-5 / 25,1.10E-05
Na+,Na+,Amorphous halide,Halide,–,NaTaCl6 (amorphous),,0.30–0.41,0.3,,Baseline,4.0e-3 / 25,0.004
Na+,Na+,Trigonal (HNISE),Other,–,Na2ZrCl6,,0.5,0.5,,Baseline,1.3e-5 / 25,1.30E-05
Na+,Na+,Trigonal (deficient),Other,Na/Cl-deficient (vacancy engineering),Na0.5ZrCl4.5,,0.35,0.35,,Defect / Vacancy,8.1e-5 / 25,8.10E-05
Na+,Na+,Amorphous halide,Halide,F substitution,Na0.5ZrCl4F0.5,,–,,,Anion Substitution,1.12e-4 / 25,0.000112
Na+,Na+,Trigonal,Other,Na/Cl-deficient,Na0.6Er0.4Zr0.6Cl4.2,,–,,,Defect / Vacancy,5.7e-5 / 25,5.70E-05
Na+,Na+,Trigonal,Other,Na/Cl-deficient,Na0.4Yb0.25Zr0.75Cl4.15,,–,,,Defect / Vacancy,2.0e-4 / 25,0.0002
Na+,Na+,–,Other,Yb substitution,Na2.25Yb0.25Zr0.75Cl6,,–,,,Anion Substitution,–,
Na+,Na+,Crystalline halide,Halide,–,Na2ZrCl6 (NZC),,0.5,0.5,,Baseline,1.3e-5 / 25,1.30E-05
Na+,Na+,Amorphous–nanocrystalline halide,Halide,F substitution,"0.5-NFZC (NaF–ZrCl4, x=0.5)",,–,,,Anion Substitution,–,
Na+,Na+,Amorphous–nanocrystalline halide,Halide,F substitution,1.0-NFZC (x=1.0),,–,,,Anion Substitution,–,
Na+,Na+,Amorphous–nanocrystalline halide,Halide,F substitution,2.0-NFZC (x=2.0),,0.28,0.28,,Anion Substitution,2.35e-4 / 25,0.000235
Na+,Na+,Amorphous–nanocrystalline halide,Halide,F substitution,3.0-NFZC (x=3.0),,–,,,Anion Substitution,–,
Na+,Na+,Amorphous chloride–oxide,Halide,Na2O incorporation,AlCl3–0.50Na2O,,–,,,Additive / Excess,8.0e-5 / 30,8.00E-05
Na+,Na+,Amorphous chloride–oxide,Halide,Na2O incorporation,AlCl3–0.60Na2O,,–,,,Additive / Excess,1.2e-4 / 30,0.00012
Na+,Na+,Amorphous chloride–oxide,Halide,Na2O incorporation,AlCl3–0.75Na2O,,–,,,Additive / Excess,1.7e-4 / 30,0.00017
Na+,Na+,Amorphous chloride–oxide,Halide,Na2O incorporation,AlCl3–0.80Na2O,,–,,,Additive / Excess,1.0e-4 / 30,0.0001
Na+,Na+,Amorphous chloride–oxide,Halide,Na2O incorporation,AlCl3–0.85Na2O,,–,,,Additive / Excess,6.0e-5 / 30,6.00E-05
Na+,Na+,Halide (amorphous / nanocrystalline),Halide,NaCl deficiency tuning (vacancy mediated),Na2.25-xY0.25Zr0.75Cl6-x (x=1.375–2.000),,0.348 – 0.370,0.348,,Defect / Vacancy,1.2e-4 – 4.03e-4 / 25,0.00012
Rb+,Rb+,Amorphous borate glass,Amorphous,–,(Rb2O)10(B2O3)90,,–,,,Baseline,1e-6 / 25,1.00E-06
Rb+,Rb+,Amorphous borate glass,Amorphous,–,(Rb2O)15(B2O3)85,,–,,,Baseline,1e-5 / 25,1.00E-05
Rb+,Rb+,Amorphous borate glass,Amorphous,–,(Rb2O)20(B2O3)80,,–,,,Baseline,1e-4 / 25,0.0001
Rb+,Rb+,Amorphous borate glass,Amorphous,–,(Rb2O)30(B2O3)70,,0.93–0.97,0.93,,Baseline,2.0e-3 / 300,0.002
O2-,O2-,Core–shell nanocomposite (SDC + amorphous carbonate),Amorphous,Sm3+ doping in CeO2 + amorphous Na2CO3 shell,"Ce0.8Sm0.2O1.9/Na2CO3 (20 wt% Na2CO3, core–shell)",,0.3,0.3,,Anion Doping,>0.1 / >300,0.1
Na+,Na+,Amorphous,Amorphous,–,Na3PS4 (amorphous),,–,,,Baseline,4.1e-6 / 25,4.10E-06
Na+,Na+,Cubic (I4̅3m),Other,–,"Na3PS4 (cubic, annealed 240 °C)",,–,,,Baseline,1.3e-4 / 25,0.00013
Na+,Na+,Tetragonal (P421c),Other,–,"Na3PS4 (tetragonal, annealed 480 °C)",,–,,,Baseline,1.9e-5 / 25,1.90E-05
Li+,Li+,Bicontinuous polymer nanostructure,Polymeric,–,PVDF-g-PAN + 34 wt% LiTFSI,,0.21,0.21,,Baseline,5.8e-4 / 30,0.00058
Li+,Li+,Bicontinuous polymer nanostructure,Polymeric,–,PVDF-g-PAN + 34 wt% LiTFSI,,0.21,0.21,,Baseline,5.8e-4 / 30,0.00058
Li+,Li+,3D porous polymer + ether network,Polymeric,"Sulfonation of PVDF-HFP, ether polymer network infiltration",SICP-EPN (sulfonated PVDF-HFP + in situ polymerized PEGMEA + LiFSI/LiTFSI/LiNO3),,–,,,Polymer,3.8e-4 / 30,0.00038
H+,H+,Amorphous polymer,Polymeric,–,Disulfonic acid polymer (–SO3H rich),,–,,,Baseline,1e-2 – 1e-1 / 25 (humid),0.01
H+,H+,Polymer electrolyte (amorphous),Polymeric,–,PVA–Iron Alum (uncrosslinked),,–,,,Baseline,1e-6 / 30,1.00E-06
H+,H+,Polymer electrolyte (cross-linked),Polymeric,Glycerol,PVA–Iron Alum + Glycerol,,–,,,Organic Additive,1e-5 / 30; 1.2e-3 / 100,1.00E-05
H+,H+,Polymer electrolyte (cross-linked),Polymeric,Succinic acid,PVA–Iron Alum + Succinic Acid,,–,,,Organic Additive,3e-5 / 30; 1.8e-3 / 100,3.00E-05
H+,H+,Polymer electrolyte (cross-linked),Polymeric,Glyoxal,PVA–Iron Alum + Glyoxal,,–,,,Organic Additive,5e-5 / 30; 2.38e-3 / 100,5.00E-05
Li+,Li+,Polymer (PVDF),Polymeric,–,PVDF (control),,–,,,Baseline,7.6e-5 / -5,7.60E-05
Li+,Li+,Polymer (PVDF),Polymeric,Molecular doping with PVDC (low) + SN + LiTFSI,md-PVDF-LD (10 wt% PVDC:90 wt% PVDF),,–,,,Anion Doping,~order higher than PVDF / 30,
Li+,Li+,Polymer (PVDF),Polymeric,Molecular doping with PVDC (moderate) + SN + LiTFSI,md-PVDF (2:8 PVDC:PVDF),,0.25,0.25,,Anion Doping,1.4e-3 / 25; 3.0e-4 / -5; 4.1e-3 / 80,0.0014
Li+,Li+,Polymer (PVDF),Polymeric,Molecular doping with PVDC (high) + SN + LiTFSI,md-PVDF-HD (3:7 PVDC:PVDF),,–,,,Anion Doping,2.0e-3 / 30,0.002
Na+,Na+,Natural polymer (lignin-based),Polymeric,–,LG-SPE (lignin-based polymer + Na salt),,–,,,Baseline,3.4e-4 / 25,0.00034
Na+,Na+,Gel polymer electrolyte (quasi-solid),Polymeric,SN plasticizer + EMIMBF4 + NaBF4 salt,P(VdF-HFP) + SN + EMIMBF4 + NaBF4,,–,,,Anion Doping,8.72e-3 / 30,0.00872
Na+,Na+,Polymer (PEO),Polymeric,–,PEO (SPE),,–,,,Baseline,5.5e-6 / 25,5.50E-06
Na+,Na+,Ceramic (NaSICON),NASICON,–,Na3Zr2Si2.3P0.7O11.85 (NaSICON),,–,,,Baseline,1.7e-3 / 25,0.0017
Na+,Na+,Ceramic (NaSICON),NASICON,–,Na3.4Zr2Si2.4P0.6O12 (NaSICON),,–,,,Baseline,3.4e-3 / 25,0.0034
Na+,Na+,Composite polymer–ceramic (CSE),Polymeric,–,PEO (50 wt%) / Na3Zr2Si2.3P0.7O11.85 (50 wt%),,–,,,Baseline,1.13e-5 / 25,1.13E-05
Na+,Na+,Composite polymer–ceramic (CSE),Polymeric,–,PEO (50 wt%) / Na3.4Zr2Si2.4P0.6O12 (50 wt%),,–,,,Baseline,6.4e-6 / 25,6.40E-06
Li+,Li+,Polymer electrolyte (PEO-based),Polymeric,–,"Polymer electrolyte (control, no filler)",,–,,,Baseline,1e-6 – 1e-5 / RT,1.00E-06
Li+,Li+,Polymer–ceramic composite,Polymeric,LMTO nanorods (passive filler),Polymer + LMTO nanorods (composite),,–,,,Anion Doping,1e-5 – 1e-4 / RT,1.00E-05
Li+,Li+,Ceramic oxide (LMTO),Other,–,LMTO ceramic (filler alone),,–,,,Baseline,negligible / RT,
H+,H+,Supramolecular polymer electrolyte,Polymeric,Deep eutectic solvent (DES) based on glycosyl-zwitterion with POM nanoclusters,"SPPC (Supramolecular Polymer Proton Conductor, DES-GZ/POM)",,0.12,0.12,,Anion Doping,1.07 / 25,0.00107
Li+,Li+,Halide (Li–In–Cl),Halide,–,Li3InCl6 (water-mediated synthesis),,0.35,0.35,,Baseline,2.04e-3 / 25,0.00204
Li+,Li+,Halide (Li–In–Cl),Halide,–,Li3InCl6 (water-mediated synthesis),,0.35,0.35,,Baseline,2.04e-3 / 25,0.00204
Li+,Li+,Halide (hcp-T),Halide,–,Li3HoCl6,,0.39,0.39,,Baseline,4.2e-4 / 25,0.00042
Li+,Li+,Halide (hcp-T),Halide,In3+ partial substitution,Li3Ho0.6In0.4Cl6,,0.28,0.28,,Anion Substitution,1.3e-3 / 25,0.0013
Li+,Li+,Halide (hcp-T),Halide,–,Li3YCl6,,–,0.33,,Baseline,– (~1 mS/cm from lit.),0.001
Li+,Li+,Halide (hcp-O),Halide,–,Li3YBr6,,0.31,0.31,,Baseline,2.4e-3 / 25,0.0024
Li+,Li+,Halide (hcp-O/hcp-T mixed),Halide,Br- partial substitution,Li3YCl6-xBrx (x=1.5),,0.29,0.29,,Anion Substitution,3.1e-3 / 25,0.0031
Li+,Li+,"Halide, UCl3-type (non-close-packed)",Halide,–,Li-UCl3 (LiCl–LaCl3–0.5TaCl5),,0.15,0.15,,Baseline,2.39e-3 / 25,0.00239
Na+,Na+,"Halide, UCl3-type (non-close-packed)",Halide,–,Na-UCl3 (NaCl–LaCl3–0.5TaCl5),,0.17,0.17,,Baseline,3.63e-3 / 25,0.00363
K+,K+,"Halide, UCl3-type (non-close-packed)",Halide,–,K-UCl3 (KCl–LaCl3–0.5TaCl5),,0.41,0.41,,Baseline,1.20e-4 / 25,0.00012
Ag+,Ag+,"Halide, UCl3-type (non-close-packed)",Halide,–,Ag-UCl3 (AgCl–LaCl3–0.5TaCl5),,0.11,0.11,,Baseline,4.20e-3 / 25,0.0042
Li+,Li+,"Halide, non-close-packed",Halide,–,LiGaCl3 (predicted),,0.25 (AIMD),0.25,,Baseline,3.39e-3 / 25 (AIMD),0.00339
Li+,Li+,"Halide, trigonal (P3̅m1)",Halide,–,Li3YCl6,,–,0.33,,Baseline,– (~1 mS/cm from lit.),0.001
Li+,Li+,"Halide, trigonal (cation-disordered)",Halide,Partial substitution of Y3+ with Zr4+,Li3Y0.2Zr0.6Cl6,,0.29,0.29,,Anion Substitution,1.19e-3 / 25,0.00119
Li+,Li+,"Halide, trigonal",Halide,–,Li3ErCl6,,0.36,0.36,,Baseline,3.5e-4 / 25,0.00035
Li+,Li+,Halide (hcp),Halide,–,Li3YCl6 (mechanochemical),,0.33,0.33,,Baseline,1.8e-3 / 25,0.0018
Li+,Li+,Halide (hcp),Halide,–,Li3YCl6 (solid-state synthesis),,0.4,0.4,,Baseline,6.5e-4 / 25,0.00065
Li+,Li+,Halide (hcp),Halide,Partial substitution Y3+→Zr4+,Li3Y0.2Zr0.6Cl6,,0.29,0.29,,Anion Substitution,1.19e-3 / 25,0.00119
Li+,Li+,Halide (hcp),Halide,–,Li3InCl6,,0.35,0.35,,Baseline,2.0e-3 / 25,0.002
Li+,Li+,Halide (hcp),Halide,–,Li3ScCl6,,0.29,0.29,,Baseline,1.06 / 25,0.00106
Na+,Na+,"Halide, heterogeneous (UCl3-type + amorphous domains)",Halide,Interface engineering / dual-phase composite,HSE-Na (Halide Heterogeneous Structure Electrolyte – Na+),,0.23,0.23,,Composite,2.7e-3 / 25,0.0027
Li+,Li+,"Halide, trigonal",Halide,–,Li3YbCl6,,0.36,0.36,,Baseline,3.8e-4 / 25,0.00038
Li+,Li+,"Halide, trigonal (partially disordered)",Halide,Partial substitution Yb3+→Zr4+,Li2.8Yb0.8Zr0.2Cl6,,0.29,0.29,,Anion Substitution,9.5e-4 / 25,0.00095
Li+,Li+,"Halide, monoclinic (after heat treatment)",Halide,High-level Zr4+ substitution,Li2.5Yb0.5Zr0.5Cl6,,0.24,0.24,,Anion Substitution,1.5e-3 / 25,0.0015
Li+,Li+,"Halide, trigonal",Halide,Partial substitution Yb3+→Hf4+,Li2.8Yb0.8Hf0.2Cl6,,0.3,0.3,,Anion Substitution,8.7e-4 / 25,0.00087
Li+,Li+,"Halide, monoclinic (after heat treatment)",Halide,High-level Hf4+ substitution,Li2.5Yb0.5Hf0.5Cl6,,0.25,0.25,,Anion Substitution,1.4e-3 / 25,0.0014
Li+,Li+,Halide (defect-rich),Halide,Anion engineering: F- + O2- co-substitution in Li3ZrCl6,Li2.5ZrCl5F0.5O0.5 (LZCFO),,0.28,0.28,,Co-Doping (Mixed),1.17e-3 / 30,0.00117
Li+,Li+,Halide (hcp),Halide,–,Li3ZrCl6 (reference),,0.34,0.34,,Baseline,0.62e-3 / 30,0.00062
Li+,Li+,Halide (hcp),Halide,Fully ordered cation framework,Li2ZrCl6 (ordered),,0.37 (from Arrhenius fit),0.37,,Anion Doping,2.0e-4 / 25 (from MD curve),0.0002
Li+,Li+,Halide (hcp),Halide,Partially disordered Zr sublattice,Li2ZrCl6 (disordered Zr),,0.23 (from Arrhenius fit),0.23,,Defect Engineering,1.1e-3 / 25 (from MD curve),0.0011
Li+,Li+,"Halide (orthorhombic, stacking faulted)",Halide,–,Li3HoBr6 (x=0),,0.34,0.34,,Baseline,3.2e-4 / 25,0.00032
Li+,Li+,"Halide (orthorhombic, more stacking faults)",Halide,Partial substitution Br-→I-,Li3HoBr5I (x=1),,0.28,0.28,,Anion Substitution,6.8e-4 / 25,0.00068
Li+,Li+,"Halide (orthorhombic, high stacking faults)",Halide,Partial substitution Br-→I-,Li3HoBr4I2 (x=2),,0.23,0.23,,Anion Substitution,1.2e-3 / 25,0.0012
Li+,Li+,"Halide (orthorhombic, maximum stacking faults)",Halide,Partial substitution Br-→I-,Li3HoBr3I3 (x=3),,0.2,0.2,,Anion Substitution,1.7e-3 / 25,0.0017
Li⁺,Li+,Argyrodite (cubic),Argyrodite,–,Li6PS5Cl,,0.38,0.38,,Baseline,~1.0e-3 / 25,0.001
Li⁺,Li+,Argyrodite (cubic),Argyrodite,–,Li6PS5Br,,–,0.417,,Baseline,1.40e-3 / 25,0.0014
Li⁺,Li+,Argyrodite (cubic),Argyrodite,–,Li6PS5I,,–,0.419,,Baseline,9.6e-4 / 25,0.00096
Li⁺,Li+,Argyrodite composite,Argyrodite,Excess LiCl doping,Li6PS5Cl·LiCl,,0.29,0.29,,Additive / Excess,5.3e-4 / RT,0.00053
Li⁺,Li+,"Halide (hexagonal close packed Cl⁻, P3̅m1)",Halide,High concentration of stacking faults and Li defect layers (mechanochemical synthesis),Li₃YCl₆ (BM-LYC),,0.41 ± 0.006,0.41,25,Anion Doping,0.49 mS·cm⁻¹ / 25 °C,0.00049
Li⁺,Li+,"Halide (hexagonal close packed Cl⁻, P3̅m1)",Halide,Lower stacking fault concentration; multiphasic sample,Li₃YCl₆ (SS-LYC),,0.47 ± 0.004,0.47,25,Defect Structure,0.067 mS·cm⁻¹ / 25 °C,6.70E-05
Li⁺,Li+,"Halide (hcp, P3m1)",Halide,–,Li₂ZrCl₆ (LZC),,0.424,0.424,25,Baseline,4.13 mS·cm⁻¹ / 25 °C,0.00413
Li⁺,Li+,"Halide (hcp, P3m1) with lattice extension",Halide,I⁻ substitution for Cl⁻ expands lattice and enhances disorder,"Li₂ZrCl₅I (LZCI, x=1)",,0.32,0.32,25,Anion Substitution,13.6 mS·cm⁻¹ / 25 °C,0.0136
Li⁺,Li+,"Halide (layered, P2₁/c for hydrate)",Halide,– (fully hydrated),Li₃InCl₆ hydrate (Li₃InCl₆·2H₂O),,≈3 (hydrate region),,25,Reference,3.5×10⁻⁷ S·cm⁻¹ / 25 °C,3.50E-07
Li⁺,Li+,Halide (layered),Halide,"Partial dehydration phase, grain boundary formation",Li₃InCl₆ sub-hydrate (Li₃InCl₆·0.5H₂O),,–,,,Interface,Conductivity increases drastically during dehydration; activation energy drops to ~2 eV in sub-hydrate region,
Li⁺,Li+,Halide (C2/m for anhydrous),Halide,–,Li₃InCl₆ (anhydrous),,≈0.3 after cool-down,0.3,25,Baseline,1.1×10⁻³ S·cm⁻¹ / 25 °C,0.0011
Li⁺,Li+,"Halide (hcp, P3̅m1)",Halide,–,Li₂ZrCl₆ (LZC),,0.424,0.424,30,Baseline,4.13 mS·cm⁻¹ / 25 °C,0.00413
Li⁺,Li+,Halide nanocomposite (hcp Li₂ZrCl₆ + nano ZrO₂),Halide,Interfacial superionic conduction via O-substituted interphase,ZrO₂–2Li₂ZrCl₆ (HNSE),,0.31,0.31,30,Anion Doping,1.1 mS·cm⁻¹ / 30 °C,0.0011
Li⁺,Li+,Halide nanocomposite,Halide,External ZrO₂ nanoparticles (~20 nm) mixed with Li₂ZrCl₆,nZrO₂–2Li₂ZrCl₆ (control),,–,,30,Anion Doping,0.6 mS·cm⁻¹ / 30 °C,0.0006
Na⁺,Na+,Halide nanocomposite,Halide,Interfacial conduction,0.13ZrO₂–0.61NaCl–0.26Na₂ZrCl₆,,–,,30,Interface,0.11 mS·cm⁻¹ / 30 °C,0.00011
Li⁺,Li+,Halide nanocomposite (fluorinated),Halide,F-substitution plus interfacial conduction,ZrO₂–2Li₂ZrCl₅F (HNSE-F),,–,,30,Anion Substitution,0.49 mS·cm⁻¹ / 30 °C,0.00049
Li⁺,Li+,Halide nanocomposite,Halide,SnO₂ nanograins,SnO₂–2Li₂ZrCl₆ (HNSE),,–,,30,Nanostructure,1.6 mS·cm⁻¹ / 30 °C,0.0016
Li⁺,Li+,Halide nanocomposite,Halide,Al₂O₃ nanograins,Al₂O₃–3Li₂ZrCl₆ (HNSE),,–,,30,Nanostructure,0.88 mS·cm⁻¹ / 30 °C,0.00088
Li⁺,Li+,Halide nanocomposite,Halide,Fe³⁺ substitution in Li₂ZrCl₆ plus ZrO₂ interfacial conduction,0.75ZrO₂–Li₂.₂₅Zr₀.₇₅Fe₀.₂₅Cl₆ (HNSE-Fe),,–,,30,Anion Substitution,1.4 mS·cm⁻¹ / 30 °C,0.0014
Li⁺,Li+,Halide (trigonal P3̅m1),Halide,–,Li₃ErCl₆ (x=0),,–,,25,Baseline,8.7×10⁻⁵ / 25 °C,8.70E-05
Li⁺,Li+,Halide (phase I),Halide,Zr⁴⁺ substitution,Li₂.9Er₀.9Zr₀.1Cl₆ (x=0.1),,–,,25,Anion Substitution,3.6×10⁻⁴ / 25 °C,0.00036
Li⁺,Li+,Halide (phase II Li3LuCl6-type),Halide,Zr⁴⁺ substitution,Li₂.8Er₀.8Zr₀.2Cl₆ (x=0.2),,–,,25,Anion Substitution,7.7×10⁻⁴ / 25 °C,0.00077
Li⁺,Li+,"Halide (phase III, new)",Halide,Zr⁴⁺ substitution (max conductivity),Li₂.633Er₀.633Zr₀.367Cl₆ (x=0.367),,–,,25,Anion Substitution,1.1×10⁻³ / 25 °C,0.0011
Li⁺,Li+,"Halide (phase III, Y system)",Halide,Zr⁴⁺ substitution,Li₂.5Y₀.5Zr₀.5Cl₆ (x=0.5),,0.33,0.33,25,Anion Substitution,1.4×10⁻³ / 25 °C,0.0014
Li⁺,Li+,Argyrodite (F-43m),Argyrodite,–,Li₆PS₅Cl (x=0),,0.34 (EIS); 0.35 (PFG),0.34,25,Baseline,2.5 mS·cm⁻¹ / 25 °C,0.0025
Li⁺,Li+,Argyrodite (F-43m),Argyrodite,Halide-rich solid solution,Li₅.₇₅PS₄.₇₅Cl₁.₂₅ (x=0.25),,0.33 (EIS); 0.343 (PFG),0.33,25,Anion Substitution,4.2 mS·cm⁻¹ / 25 °C,0.0042
Li⁺,Li+,Argyrodite,Argyrodite,Halide-rich,Li₅.₆₂₅PS₄.₆₂₅Cl₁.₃₇₅ (x=0.375),,0.31 (EIS); 0.320 (PFG),0.31,25,Anion Substitution,5.6 mS·cm⁻¹ / 25 °C,0.0056
Li⁺,Li+,Argyrodite (F-43m),Argyrodite,End-member halide-rich,Li₅.₅PS₄.₅Cl₁.₅ (x=0.5),,0.29 (EIS/PFG),0.29,25,Anion Substitution,"9.4 mS·cm⁻¹ / 25 °C (cold-pressed); 12.0 mS·cm⁻¹ / 25 °C (sintered 550 °C, 10 min)",0.0094
Li⁺,Li+,Argyrodite (F-43m),Argyrodite,Halide-rich,Li₅.₄₅PS₄.₄₅Cl₁.₅₅,,,,25,Anion Substitution,5.9 mS·cm⁻¹ / 25 °C,0.0059
Li⁺,Li+,Argyrodite (F-43m),Argyrodite,Halide-rich,Li₅.₄PS₄.₄Cl₁.₆,,,,25,Anion Substitution,3.3 mS·cm⁻¹ / 25 °C,0.0033
Li⁺,Li+,Sulfide glass-ceramic (triclinic P1),Amorphous,–,Li₇P₃S₁₁ (pristine),,–,,25,Baseline,0.43 mS·cm⁻¹ / 25 °C,0.00043
Li⁺,Li+,Sulfide glass-ceramic,Amorphous,0.5 M AgI doping/mixing,Li₇Ag₀.₂₅P₃S₁₁I₀.₂₅ (270 °C),,–,,25,Anion Doping,0.48 mS·cm⁻¹ / 25 °C,0.00048
Li⁺,Li+,Sulfide glass-ceramic,Amorphous,0.2 M AgI doping/mixing (optimum),Li₇Ag₀.₁P₃S₁₁I₀.₁ (270 °C),,0.23,0.23,25,Anion Doping,1.35 mS·cm⁻¹ / 25 °C; 7.9 mS·cm⁻¹ at 100 °C,0.00135
Li⁺,Li+,Sulfide glass-ceramic,Amorphous,0.1 M AgI doping/mixing,Li₇Ag₀.₀₅P₃S₁₁I₀.₀₅ (270 °C),,–,,25,Anion Doping,0.83 mS·cm⁻¹ / 25 °C,0.00083
Li⁺,Li+,Sulfide glass-ceramic,Amorphous,AgCl-doped,Li₇Ag₀.₁P₃S₁₁Cl₀.₁ (270 °C),,–,,270,Complex Doping,"(value not explicitly given, but at 270 °C highest among Cl-doped)",
Li⁺,Li+,Sulfide glass-ceramic,Amorphous,AgBr-doped,Li₇Ag₀.₁P₃S₁₁Br₀.₁ (270 °C),,–,,270,Interface,"(value not explicitly given, but at 270 °C improved vs pristine)",
Li⁺,Li+,Sulfide glass-ceramic,Amorphous,MnCl₂-doped,Li₇Mn₀.₁P₃S₁₁Cl₀.₂,,–,,25,Complex Doping,4.2×10⁻⁴ S·cm⁻¹ / 25 °C,0.00042
Li⁺,Li+,Sulfide glass-ceramic,Amorphous,CuCl₂-doped,Li₇Cu₀.₁P₃S₁₁Cl₀.₂,,–,,25,Complex Doping,1.3×10⁻⁴ S·cm⁻¹ / 25 °C,0.00013
Li⁺,Li+,Sulfide glass-ceramic,Amorphous,SnCl₂-doped,Li₇Sn₀.₁P₃S₁₁Cl₀.₂,,–,,25,Complex Doping,1.5×10⁻⁵ S·cm⁻¹ / 25 °C,1.50E-05
Li⁺,Li+,Halide (hcp),Halide,–,Li₂ZrCl₆,,0.3,0.3,25,Baseline,5×10⁻⁴ S·cm⁻¹ / 25 °C,0.0005
Na⁺,Na+,Halide (hcp),Halide,–,Na₂ZrCl₆,,0.4,0.4,25,Baseline,9×10⁻⁶ S·cm⁻¹ / 25 °C,9.00E-06
Cu⁺,Cu+,Halide (hcp),Halide,–,Cu₂ZrCl₆,,0.19,0.19,25,Baseline,1×10⁻² S·cm⁻¹ / 25 °C,0.01
Ag⁺,Ag+,Halide (hcp),Halide,–,Ag₂ZrCl₆,,0.24,0.24,25,Baseline,4×10⁻³ S·cm⁻¹ / 25 °C,0.004
Li⁺,Li+,Halide (trigonal P3̅m1),Halide,–,Li₂ZrCl₆,,0.3,0.3,25,Baseline,5×10⁻⁴ S·cm⁻¹ / 25 °C,0.0005
Li⁺,Li+,Halide (trigonal),Halide,0.1 S²⁻ substitution for Cl⁻,Li₂.₁ZrCl₅.₉S₀.₁,,0.36,0.36,25,Anion Substitution,7.35×10⁻⁴ / 25 °C,0.000735
Li⁺,Li+,Halide (trigonal),Halide,0.2 S²⁻ substitution for Cl⁻,Li₂.₂ZrCl₅.₈S₀.₂,,0.34,0.34,25,Anion Substitution,8.55×10⁻⁴ / 25 °C,0.000855
Li⁺,Li+,Halide (trigonal),Halide,0.3 S²⁻ substitution for Cl⁻,Li₂.₃ZrCl₅.₇S₀.₃,,0.35,0.35,25,Anion Substitution,7.90×10⁻⁴ / 25 °C,0.00079
Li⁺,Li+,β-Li₃PS₄ (no thio-LISICON II),Other,–,Li₁₀P₃S₁₂Cl (LPSCl),,0.268,0.268,,Baseline,6.0e-4 / 25,0.0006
Li⁺,Li+,thio-LISICON II (LGPS-analog),Other,–,Li₁₀P₃S₁₂Br (LPSBr),,0.288,0.288,,Baseline,1.7e-3 / 25,0.0017
Li⁺,Li+,thio-LISICON II (LGPS-analog),Other,–,Li₁₀P₃S₁₂I (LPSI),,0.209,0.209,,Baseline,2.9e-3 / 25,0.0029
Li⁺,Li+,thio-LISICON II (LGPS-analog),Other,Mixed-halide solid solution (Br/I),Li₁₀P₃S₁₂Br₀.₆I₀.₄,,0.204,0.204,,Anion Substitution,3.9e-3 / 25,0.0039
Li⁺,Li+,β-Li₃PS₄ (no thio-LISICON II),Other,–,Li₁₀P₃S₁₂Cl (LPSCl),,0.268,0.268,,Baseline,6.0e-4 / 25,0.0006
Li⁺,Li+,thio-LISICON II (LGPS-analog),Other,–,Li₁₀P₃S₁₂Br (LPSBr),,0.288,0.288,,Baseline,1.7e-3 / 25,0.0017
Li⁺,Li+,thio-LISICON II (LGPS-analog),Other,–,Li₁₀P₃S₁₂I (LPSI),,0.209,0.209,,Baseline,2.9e-3 / 25,0.0029
Li⁺,Li+,thio-LISICON II (LGPS-analog),Other,Mixed-halide solid solution (Br/I),Li₁₀P₃S₁₂Br₀.₆I₀.₄,,0.204,0.204,,Anion Substitution,3.9e-3 / 25,0.0039
Li⁺,Li+,Halide (trigonal P3̅m1),Halide,–,Li₃YCl₆ (x=0),,0.36,0.36,25,Baseline,5.0×10⁻⁴ / 25 °C,0.0005
Li⁺,Li+,Halide (trigonal),Halide,5% Hf⁴⁺ substitution for Y³⁺,Li₂.₉Y₀.₉₅Hf₀.₀₅Cl₆ (x=0.05),,0.345,0.345,25,Anion Substitution,8.7×10⁻⁴ / 25 °C,0.00087
Li⁺,Li+,Halide (trigonal),Halide,10% Hf⁴⁺ substitution for Y³⁺,Li₂.₇Y₀.₉Hf₀.₁Cl₆ (x=0.1),,0.331,0.331,25,Anion Substitution,1.49×10⁻³ / 25 °C,0.00149
Li⁺,Li+,Halide (trigonal),Halide,20% Hf⁴⁺ substitution for Y³⁺,Li₂.₅Y₀.₈Hf₀.₂Cl₆ (x=0.2),,0.338,0.338,25,Anion Substitution,1.10×10⁻³ / 25 °C,0.0011
Li⁺,Li+,Argyrodite (F-43m),Argyrodite,Halide incorporation,Li₆PS₅Cl (x=1),,0.29,0.29,25,Additive / Excess,2.5×10⁻³ / 25 °C,0.0025
Li⁺,Li+,Argyrodite,Argyrodite,Cl-rich solid solution,Li₆.₂₅PS₅.₂₅Cl₀.₇₅ (x=0.75),,0.27,0.27,25,Halide Composition,3.1×10⁻³ / 25 °C,0.0031
Li⁺,Li+,Argyrodite,Argyrodite,Cl-rich solid solution,Li₆.₅PS₅.₅Cl₀.₅ (x=0.5),,0.26,0.26,25,Halide Composition,3.5×10⁻³ / 25 °C,0.0035
Li⁺,Li+,Argyrodite,Argyrodite,Low Cl,Li₆.₈PS₅.₈Cl₀.₂ (x=0.2),,0.28,0.28,25,Halide Composition,2.8×10⁻³ / 25 °C,0.0028
Li⁺,Li+,Halide (monoclinic C2/m),Halide,–,Li₃InBr₆,,0.33,0.33,25,Baseline,2.3×10⁻³ / 25 °C,0.0023
Li⁺,Li+,Halide (monoclinic),Halide,10% Y³⁺ for In³⁺,Li₃In₀.₉Y₀.₁Br₆,,0.3,0.3,25,Isovalent Substitution,3.6×10⁻³ / 25 °C,0.0036
Li⁺,Li+,Halide (monoclinic),Halide,10% Ga³⁺ for In³⁺,Li₃In₀.₉Ga₀.₁Br₆,,0.31,0.31,25,Isovalent Substitution,3.3×10⁻³ / 25 °C,0.0033
Li⁺,Li+,Halide (orthorhombic Pnma),Halide,Lanthanide replacement,Li₃GdBr₆,,0.28,0.28,25,Anion Substitution,5.2×10⁻³ / 25 °C,0.0052
Li⁺,Li+,Halide (orthorhombic),Halide,Lanthanide replacement,Li₃TbBr₆,,0.29,0.29,25,Anion Substitution,4.8×10⁻³ / 25 °C,0.0048
Li⁺,Li+,Halide (orthorhombic),Halide,Lanthanide replacement,Li₃HoBr₆,,0.3,0.3,25,Anion Substitution,4.5×10⁻³ / 25 °C,0.0045
Li⁺,Li+,Halide (orthorhombic),Halide,Lanthanide replacement,Li₃TmBr₆,,0.31,0.31,25,Anion Substitution,4.1×10⁻³ / 25 °C,0.0041
Li⁺,Li+,Halide (orthorhombic),Halide,Lanthanide replacement,Li₃LuBr₆,,0.32,0.32,25,Anion Substitution,3.9×10⁻³ / 25 °C,0.0039
Li⁺,Li+,Halide (trigonal P3̅m1),Halide,–,Li₂ZrCl₆ (x=0),,0.35,0.35,25,Baseline,0.72×10⁻³ / 25 °C,0.00072
Li⁺,Li+,Halide (trigonal),Halide,30% Ta⁵⁺ substitution for Zr⁴⁺,Li1.7Zr0.7Ta0.3Cl6 (x=0.3),,0.29,0.29,25,Anion Substitution,1.42×10⁻³ / 25 °C,0.00142
Li⁺,Li+,Halide (trigonal),Halide,27% Ta⁵⁺ substitution for Zr⁴⁺,Li₂.₁Zr₀.₈₃Ta₀.₂₇Cl₆,,0.28,0.28,25,Anion Substitution,1.68×10⁻³ / 25 °C,0.00168
Li⁺,Li+,Halide (trigonal P3̅m1),Halide,–,Li₃ScCl₆ (x=0),,0.37,0.37,25,Baseline,0.91×10⁻³ / 25 °C,0.00091
Li⁺,Li+,Halide (trigonal),Halide,Excess LiCl (site-occupation tuning),Li₃.₂ScCl₆.₂ (x=0.2),,0.33,0.33,25,Additive / Excess,1.64×10⁻³ / 25 °C,0.00164
Li⁺,Li+,Halide (trigonal),Halide,Excess LiCl (site-occupation tuning),Li₃.₄ScCl₆.₄ (x=0.4),,0.3,0.3,25,Additive / Excess,2.10×10⁻³ / 25 °C,0.0021
Li⁺,Li+,Halide (trigonal P3̅m1),Halide,–,Li₃YCl₆ (ampule),,0.35,0.35,25,Baseline,0.72×10⁻³ / 25 °C,0.00072
Li⁺,Li+,Halide (trigonal),Halide,–,Li₃YCl₆ (mechanochemical),,0.33,0.33,25,Baseline,0.95×10⁻³ / 25 °C,0.00095
Li⁺,Li+,Halide (monoclinic C2/m),Halide,–,Li₃YBr₆ (ampule),,0.34,0.34,25,Baseline,0.84×10⁻³ / 25 °C,0.00084
Li⁺,Li+,Halide (monoclinic),Halide,–,Li₃YBr₆ (mechanochemical),,0.31,0.31,25,Baseline,1.05×10⁻³ / 25 °C,0.00105
Li⁺,Li+,NASICON (rhombohedral R-3c),NASICON,–,Li1.5Al0.5Ge1.5(PO4)3 (LAGP),,Ea(total)=0.41; Ea(grain)=0.34,0.34,,Baseline,σtotal=3.5×10⁻⁴; σgrain=6.9×10⁻⁴; σGB=7.12×10⁻⁴ / RT,0.00035
Li⁺,Li+,NASICON (R-3c),NASICON,1 mol % Sb³⁺ substitution for Ge⁴⁺,Li1.5+0.01Al0.5Sb0.01Ge1.49(PO4)3 (Sb1),,Ea(total)=0.38; Ea(grain)=0.34,0.34,,Anion Substitution,σtotal=5.4×10⁻⁴; σgrain=8.3×10⁻⁴; σGB=11.8×10⁻⁴ / RT,0.00054
Li⁺,Li+,NASICON (R-3c),NASICON,3 mol % Sb³⁺ substitution,Li1.5+0.03Al0.5Sb0.03Ge1.47(PO4)3 (Sb3),,Ea(total)=0.37; Ea(grain)=0.34,0.34,,Anion Substitution,σtotal=5.6×10⁻⁴; σgrain=10.2×10⁻⁴; σGB=12.5×10⁻⁴ / RT,0.00056
Li⁺,Li+,NASICON (R-3c),NASICON,5 mol % Sb³⁺ substitution,Li1.5+0.05Al0.5Sb0.05Ge1.45(PO4)3 (Sb5),,Ea(total)=0.36; Ea(grain)=0.35,0.35,,Anion Substitution,σtotal=6.0×10⁻⁴; σgrain=14.1×10⁻⁴; σGB=17.9×10⁻⁴ / RT,0.0006
Li⁺,Li+,NASICON (R-3c),NASICON,7 mol % Sb³⁺ substitution,Li1.5+0.07Al0.5Sb0.07Ge1.43(PO4)3 (Sb7),,Ea(total)=0.36; Ea(grain)=0.34,0.34,,Anion Substitution,σtotal=7.7×10⁻⁴; σgrain=15.2×10⁻⁴; σGB=24.1×10⁻⁴ / RT,0.00077
Li⁺,Li+,NASICON (rhombohedral),NASICON,–,Li1.3Al0.3Ti1.7(PO4)3 (baseline),,0.36,0.36,25,Baseline,2.1×10⁻⁴ / 25 °C,0.00021
Li⁺,Li+,NASICON,NASICON,0.05 Zr⁴⁺ substitution for Ti⁴⁺,Li1.3Al0.3Ti1.65Zr0.05(PO4)3,,0.34,0.34,25,Anion Substitution,3.4×10⁻⁴ / 25 °C,0.00034
Li⁺,Li+,NASICON,NASICON,0.05 V⁵⁺ substitution for Ti⁴⁺,Li1.3Al0.3Ti1.65V0.05(PO4)3,,0.35,0.35,25,Anion Substitution,3.1×10⁻⁴ / 25 °C,0.00031
Li⁺,Li+,NASICON,NASICON,0.05 Co²⁺ substitution,Li1.3Al0.3Ti1.65Co0.05(PO4)3,,0.35,0.35,25,Anion Substitution,2.9×10⁻⁴ / 25 °C,0.00029
Li⁺,Li+,NASICON,NASICON,0.05 Cu²⁺ substitution,Li1.3Al0.3Ti1.65Cu0.05(PO4)3,,0.36,0.36,25,Anion Substitution,2.7×10⁻⁴ / 25 °C,0.00027
Li⁺,Li+,NASICON,NASICON,0.05 Sn⁴⁺ substitution,Li1.3Al0.3Ti1.65Sn0.05(PO4)3,,0.35,0.35,25,Anion Substitution,2.8×10⁻⁴ / 25 °C,0.00028
Li⁺,Li+,NASICON (rhombohedral),NASICON,–,Li₁.₃Al₀.₃Ti₁.₇(PO₄)₃ (NASICON baseline),,0.36,0.36,25,Baseline,2.1×10⁻⁴ / 25 °C,0.00021
Li⁺,Li+,NASICON,NASICON,0.2 As⁵⁺ substitution for Ti⁴⁺,Li₁.₃Al₀.₃As₀.₂Ti₁.₅(PO₄)₃ (As-doped NASICON),,0.32,0.32,25,Anion Substitution,3.8×10⁻⁴ / 25 °C,0.00038
Li⁺,Li+,NASICON–glass composite,NASICON,As-doped + 3 wt% lithium phosphate glass additive,"LAAs₀.₂TP-G (NASICON–glass composite, 3 wt% glass)",,0.29,0.29,25,Additive / Excess,5.2×10⁻⁴ / 25 °C,0.00052
Na⁺,Na+,NASICON-type,NASICON,"Tri-site co-doping: 3% K⁺ for Na⁺, 0.05 Al³⁺ for Ti⁴⁺, 0.05 (SiO₄) for (PO₄) + conductive carbon coating",Na₀.₉₇K₀.₀₃Ti₁.₉₅Al₀.₀₅(PO₄)₂.₉₅(SiO₄)₀.₀₅/C (NTP-KAS),,–,,,Interface,–,
Na⁺,Na+,NASICON-type,NASICON,–,Na₂TiV(PO₄)₃/C (NTVP),,–,,,Baseline,–,
Na⁺,Na+,NASICON-type,NASICON,Co²⁺ substitution for Ti⁴⁺+V³⁺ plus rGO conductive additive,Na₃Co₂/₃Ti₂/₃V₂/₃(PO₄)₃/C/rGO (NCTVP),,–,,,Additive / Excess,–,
Na⁺,Na+,NASICON-type,NASICON,–,Na₄VMn(PO₄)₃/C (baseline),,–,,,Baseline,"2.15×10⁻³ (electronic, four-probe) / RT",0.00215
Na⁺,Na+,NASICON-type,NASICON,0.1 W⁶⁺ substitution for Mn²⁺,Na₃.₆VMn₀.₉W₀.₁(PO₄)₃/C (VMW-0.1),,–,,,Anion Substitution,"4.27×10⁻³ (electronic, four-probe) / RT",0.00427
Na⁺,Na+,NASICON-type,NASICON,0.2 W⁶⁺ substitution for Mn²⁺,Na₃.₂VMn₀.₈W₀.₂(PO₄)₃/C (VMW-0.2),,–,,,Anion Substitution,"3.95×10⁻³ (electronic, four-probe) / RT",0.00395
Li⁺,Li+,Halide (trigonal),Halide,–,Li₂ZrCl₆ (baseline),,0.356,0.356,25,Baseline,0.48×10⁻³ / 25 °C,0.00048
Li⁺,Li+,Halide (trigonal),Halide,Rare earth Dy³⁺ doping + Ta⁵⁺ substitution,Li₂.₁Zr₀.₈Dy₀.₁₅Ta₀.₀₅Cl₆ (LZDTC),,0.272,0.272,25,Anion Substitution,1.67×10⁻³ / 25 °C,0.00167
Li⁺,Li+,Halide (trigonal),Halide,Rare earth Ce³⁺ doping + Ta⁵⁺ substitution,Li₂.₁Zr₀.₈Ce₀.₁₅Ta₀.₀₅Cl₆,,0.279,0.279,25,Anion Substitution,1.54×10⁻³ / 25 °C,0.00154
Li⁺,Li+,Halide (amorphous–crystalline composite),Halide,"Multiple-cation (Ta, Zr, Al, Ca) doped LaCl₃-based system",HELa0.5: 0.5LiCl–xLaCl₃(TaCl₅·ZrCl₄·AlCl₃·CaCl₂)₁/₄(1–x),,0.34,0.34,25,Tm Doping,0.82×10⁻³ / 25 °C,0.00082
Na⁺,Na+,Tetragonal (superionic),Other,–,Na₃SbS₄ (baseline),,0.31,0.31,25,Baseline,0.4×10⁻³ / 25 °C,0.0004
Na⁺,Na+,Tetragonal,Other,Iso-valent V⁵⁺ for Sb⁵⁺,Na₃Sb₁₋ₓVₓS₄ (x≤0.2),,0.3,0.3,25,Isovalent Substitution,0.6×10⁻³ / 25 °C (x=0.1),0.0006
Na⁺,Na+,Tetragonal,Other,Iso-valent Nb⁵⁺ for Sb⁵⁺,Na₃Sb₁₋ₓNbₓS₄ (x≤0.2),,0.3,0.3,25,Isovalent Substitution,0.5×10⁻³ / 25 °C (x=0.1),0.0005
Na⁺,Na+,Tetragonal,Other,Iso-valent Ta⁵⁺ for Sb⁵⁺,Na₃Sb₁₋ₓTaₓS₄ (x≤0.2),,0.31,0.31,25,Isovalent Substitution,0.48×10⁻³ / 25 °C (x=0.1),0.00048
Na⁺,Na+,Tetragonal (Na₃SbS₄-type),Other,W⁶⁺ supervalent substitution for Sb⁵⁺ creating Na vacancies,Na₂.₉Sb₀.₉W₀.₁S₄,,"Ea,bulk 0.11; Ea,total 0.17–0.20",0.17,130,Anion Substitution,σbulk 96 mS·cm⁻¹ / 293 K; σtotal ≈10 mS·cm⁻¹ / 293 K; σbulk 1.8 mS·cm⁻¹ / –130 °C,0.096
Li⁺,Li+,Cubic argyrodite (F-43m),Argyrodite,Bi + F dual-doping (BiF₃ replacing part of LiCl and P₂S₅),Li₅.₅₄P₀.₉₈Bi₀.₀₂S₄.₅Cl₁.₄₄F₀.₀₆ (LPBiSClF₀.₀₆),,0.28,0.28,,Re Doping,5.37 mS·cm⁻¹ / RT,0.00537
K⁺,K+,Cubic K₃SbS₄ (I4̅3m),Other,Cl⁻ doping at S sites inducing ~4.17% K-vacancies,K₂.875SbS₃.875Cl₀.125 (2v-2Cl),,0.12,0.12,,Anion Doping,14.8 mS·cm⁻¹ / 300 K,0.0148
K⁺,K+,Cubic K₃SbS₄ (I4̅3m),Other,Cl⁻ doping at S sites inducing ~2.08% K-vacancies,K₂.9375SbS₃.9375Cl₀.0625 (1v-1Cl),,0.13,0.13,,Anion Doping,≈10⁻² S·cm⁻¹ (predicted); Dₖ~6.91×10⁻⁶ cm²·s⁻¹ at 1000 K,
Zn²⁺ (protective layer for Zn anode in AZIBs),Zn²+,NASICON (R3c),NASICON,–,Na₃V₂(PO₄)₃ (NVP),,–,,,Baseline,–,
Li⁺,Li+,Glassy sulfide,Amorphous,LiI doping + SiS₂ substitution (P:Si=6),"75Li₂S–25P₂S₅ + 40 mol% LiI (Si-doped, P:Si=6)",,0.253,0.253,25,Anion Substitution,2.21×10⁻³ / 25 °C,0.00221
Li⁺,Li+,Glassy sulfide,Amorphous,LiI doping (no Si),"75Li₂S–25P₂S₅ + 40 mol% LiI (without Si, “blank”)",,~0.30,0.3,25,Anion Doping,~1.0×10⁻³ / 25 °C,0.001
Li⁺,Li+,Argyrodite + glass composite (C:G=7),Argyrodite,Glass filler (P:Si=6),"Li₅.₄PS₄.₄Cl₁.₆ (argyrodite, composite)",,–,,25,Anion Doping,~6.0×10⁻³ / 25 °C,0.006
Li⁺,Li+,Glassy sulfide (monomer-rich Li₃PS₄–Li₄SiS₄ network),Amorphous,Halogen doping with LiI (40 mol%) + partial substitution of P₂S₅ by SiS₂ to suppress Li₂Sₓ formation,0.6((75+0.5x)Li₂S-(25-0.5x)P₂S₅-xSiS₂)-40LiI (optimal P:Si=6 composition),,0.253,0.253,,Anion Substitution,2.21e-3 / 25,0.00221
Li⁺,Li+,Glassy sulfide,Amorphous,"– (no halogen, no Si doping)",75Li₂S–25P₂S₅ (blank glassy electrolyte),,–,,,Anion Doping,0.46e-3 / 25,0.00046
Li⁺,Li+,Argyrodite crystalline sulfide,Argyrodite,Cl⁻ as intrinsic halide; no extra doping (reference state-of-the-art),Li₆PS₅Cl (argyrodite),,–,,,Anion Substitution,2.04e-3 / 25,0.00204
Li⁺,Li+,Argyrodite crystalline sulfide (high-Cl content),Argyrodite,Intrinsic high Cl⁻ content,Li₅.₄PS₄.₄Cl₁.₆ (high-Cl argyrodite),,–,,,Halide Composition,7.31e-3 / 25 (before composite),0.00731
Li⁺,Li+,Oxide polycrystalline (monoclinic C/2c),Other,– (baseline),LiTa₂PO₈ (LTPO),,0.44,0.44,,Reference,σ_bulk 1.99e-3 / 25; σ_total 1.3e-5 / 25,0.00199
Li⁺,Li+,Oxide polycrystalline,Other,LiF sintering additive (removed on final sintering),LiTa₂PO₈–0.15LiF (LTPO–LiF),,–,,,Additive / Excess,σ_total 7.3e-5 / 25,7.30E-05
Li⁺,Li+,Oxide polycrystalline (Hf-doped),Other,Hf⁴⁺ doping (0.05 mol) at Ta sites,Li₁.₀₅Hf₀.₀₅Ta₁.₉₅PO₈ (LHTPO),,0.35,0.35,,Cation Doping,σ_bulk 1.72e-3 / 25; σ_total 4.3e-4 / 25,0.00172
Li⁺,Li+,Oxide polycrystalline (Hf-doped + LiF sintering),Other,Hf⁴⁺ doping + LiF sintering additive,Li₁.₀₅Hf₀.₀₅Ta₁.₉₅PO₈–0.15LiF (LHTPO–LiF),,0.35,0.35,,Additive / Excess,σ_total 7.9e-4 / 25,0.00079
Li⁺,Li+,Halide,Halide,F⁻ substitution (dual-halogen),Li₃InCl₄.₈F₁.₂,,–,,,Anion Substitution,5.1e-4 / 25,0.00051
Li⁺,Li+,Sulfide (argyrodite-like),Argyrodite,Cl⁻ content x=1.5 (size-controlled particles),Li₅.₅PS₄.₅Cl₁.₅,,–,,,Unclassified,4.98e-3 / 25,0.00498
Na⁺,Na+,Halide (double perovskite-like chloride),Halide,Sm and Ta substitution in Na₃Cl₆ framework,Na₀.₈₆SmTa₀.₄₃Cl₆,,0.27,0.27,,Anion Substitution,2.8e-3 / 25,0.0028
Na⁺,Na+,Halide (double perovskite-like chloride),Halide,La and Ta substitution,NaLa₀.₉₅Ta₀.₄₃Cl₆,,0.3,0.3,,Anion Substitution,2.5e-3 / 25,0.0025
Na⁺,Na+,Halide (double perovskite-like chloride),Halide,Ce and Ta substitution,NaCe₀.₈₃Ta₀.₅Cl₆,,0.29,0.29,,Anion Substitution,2.3e-3 / 25,0.0023
Na⁺,Na+,Halide (double perovskite-like chloride),Halide,Nd and Ta substitution,NaNd₀.₈₃Ta₀.₅Cl₆,,0.28,0.28,,Anion Substitution,2.1e-3 / 25,0.0021
Li⁺,Li+,"Halide (fluoride, predicted)",Halide,– (screened structure),Li₄ZrF₈,,–,,,Reference,Predicted σ >10⁻³ / 25 (AIMD),0.001
Li⁺,Li+,"Halide (bromide, predicted)",Halide,– (screened structure),Li₃ErBr₆,,–,0.325,,Reference,–,
Li⁺,Li+,"Halide (iodide, predicted)",Halide,– (screened structure),Li₂ZnI₄,,–,,,Reference,Predicted σ >10⁻³ / 25 (AIMD),0.001
Ag⁺,Ag+,Delafossite oxide,Other,"– (stoichiometric, perfect crystal)",AgFeO₂ (delafossite),,"0.374 (O–O), 0.412 (O–Fe–O)",0.374,,Reference,0.333 / 800 K,
Ag⁺,Ag+,Delafossite oxide,Other,Ag-vacancy defects introduced,"AgFeO₂ (delafossite, Ag-deficient)",,"0.374 (O–O), 0.412 (O–Fe–O)",0.374,,Defect / Vacancy,0.049 / 600 K,
Li⁺,Li+,Sulfide,Other,–,Li₅B₇S₁₃,,–,0.267,,Baseline,7.4e-2 / 25 °C (predicted RT),0.074
Li⁺,Li+,Halide,Halide,–,Li₃ErCl₆,,–,0.351,,Baseline,3e-4 / 25 °C (predicted RT),0.0003
Li⁺,Li+,Sulfide,Other,–,Li₂B₂S₅,,–,0.32,,Baseline,9.7e-3 / 25 °C (predicted RT),0.0097
Li⁺,Li+,Sulfide,Other,–,LiAlS₂,,0.333,0.333,,Baseline,5.84e-4 / 25,0.000584
Li⁺,Li+,Halide,Halide,–,Li₃ErBr₆,,–,0.325,,Baseline,–,
Li⁺,Li+,Sulfide,Other,–,Li₂GePbS₄,,0.373,0.373,,Baseline,4.81e-4 / 25,0.000481
Li⁺,Li+,Sulfide,Other,–,LiBiS₂,,0.194,0.194,,Baseline,1.73e-4 / 25,0.000173
Li⁺,Li+,Other,Other,–,RbLi₆B₂O₆F,,0.367,0.367,,Baseline,1.29e-4 / 25,0.000129
Li⁺,Li+,Other,Other,–,BaLi(BS₂)₃,,0.348,0.348,,Baseline,1.20e-4 / 25,0.00012
Li⁺,Li+,Halide,Halide,–,Li₂VCl₅,,0.39,0.39,,Baseline,"9.79e-5 / 35 (EIS, experimental)",9.79E-05
Li⁺,Li+,Halide,Halide,–,LiGaI₄,,0.48,0.48,,Baseline,"1.67e-5 / 35 (EIS, experimental)",1.67E-05
Li⁺,Li+,Oxide (predicted),Other,–,Li₄.₅TiO₃.₂₅,,–,,,Baseline,4.399e-2 / 25 (AIMD),0.04399
Li⁺,Li+,Phosphate (predicted),Other,–,Li₆V₃Fe(PO₄)₆,,–,,,Baseline,1.182e-2 / 25 (AIMD),0.01182
Li⁺,Li+,Halide (predicted),Halide,–,Li₂ZnBr₄,,–,,,Baseline,3.000e-2 / 25 (AIMD),0.03
Li⁺,Li+,Halide (predicted),Halide,–,LiGaBr₄,,–,,,Baseline,2.819e-2 / 25 (AIMD),0.02819
Li⁺/Na⁺,Li+,Halide fluoride (predicted),Halide,–,Na₂.₅Li₂.₂₅Sc₂F₁₂,,–,,,Baseline,2.25e-3 / 25 (AIMD),0.00225
Li⁺/Na⁺,Na+,Halide fluoride (predicted),Halide,–,Na₂.₅Li₂.₂₅Sc₂F₁₂,,–,,,Baseline,2.25e-3 / 25 (AIMD),0.00225
Li⁺,Li+,Halide (tetragonal P42/m),Halide,–,LiSbCl₆ (LSC),,0.16 (c-axis dominant),0.16,,Baseline,"6.97e-2 / 25 (AIMD, predicted)",0.0697
Li⁺,Li+,Thiophosphate (LGPS-type),Other,–,Li₁₀GeP₂S₁₂ (x=0),,~0.21,0.21,,Baseline,~1.2e-2 / 25 (exp.),0.012
Li⁺,Li+,Thiophosphate (LGPS-type),Other,Partial Ge→Sn substitution,Li₁₀Ge₀.₆₇Sn₀.₃₃P₂S₁₂,,~0.24,0.24,,Anion Substitution,~6.0e-3 / 25 (exp.),0.006
Li⁺,Li+,Thiophosphate (LGPS-type),Other,Higher Sn substitution,Li₁₀Ge₀.₃₃Sn₀.₆₇P₂S₁₂,,~0.27,0.27,,Anion Substitution,~2.5e-3 / 25 (exp.),0.0025
Li⁺,Li+,Thiophosphate (LGPS-type),Other,Full Ge→Sn substitution,Li₁₀SnP₂S₁₂ (x=1),,~0.30,0.3,,Anion Substitution,~1.0e-3 / 25 (exp.),0.001
Li⁺,Li+,Argyrodites,Argyrodite,–,Li₆PS₅Cl,,0.11–0.16,0.11,,Baseline,– (only D: 0.7e-6 cm²/s @300 K; 5–7e-6 cm²/s @600 K),7.00E-07
Li⁺,Li+,Argyrodites,Argyrodite,–,Li₆PS₅Br,,0.21–0.30,0.21,,Baseline,~1.0e-3 / 25,0.001
Li⁺,Li+,Argyrodites,Argyrodite,–,Li₆PS₅I,,~0.47,0.47,,Baseline,~1.0e-6 / 25,1.00E-06
Li⁺,Li+,Argyrodites,Argyrodite,Mixed halide (Cl/Br),Li₆PS₅Cl₀.₅Br₀.₅,,~0.30,0.3,,Anion Substitution,~1.0e-3 / 25,0.001
Li⁺,Li+,Argyrodites,Argyrodite,Mixed halide (Br/I),Li₆PS₅Br₀.₅I₀.₅,,0.34,0.34,,Anion Substitution,5.77e-4 / 25 (exp.),0.000577
Li⁺,Li+,Argyrodites,Argyrodite,Anion disorder studied computationally,Li₆PS₅Cl,,0.11–0.16,0.11,,Anion Doping,– (only D: 0.7e-6 cm²/s @300 K; 5–7e-6 cm²/s @600 K),7.00E-07
Li⁺,Li+,Argyrodites,Argyrodite,Anion disorder studied computationally,Li₆PS₅Br,,0.21–0.30,0.21,,Anion Doping,~1.0e-3 / 25,0.001
Li⁺,Li+,Argyrodites,Argyrodite,Anion disorder studied computationally,Li₆PS₅I,,~0.47,0.47,,Anion Doping,~1.0e-6 / 25,1.00E-06
Li⁺,Li+,Polymer (polythiourea),Polymeric,LiClO₄-doped PTU1,PTU1 + LiClO₄ (PSE1),,0.28,0.28,,Polymer Composite,1.23e-4 / 60,0.000123
Li⁺,Li+,Polymer (polythiourea),Polymeric,LiClO₄-doped PTU2,PTU2 + LiClO₄ (PSE2),,0.27,0.27,,Polymer Composite,1.45e-4 / 60,0.000145
Li⁺,Li+,Polymer (polythiourea),Polymeric,LiClO₄-doped PTU3,PTU3 + LiClO₄ (PSE3),,0.25,0.25,,Polymer Composite,1.62e-4 / 60,0.000162
Li⁺,Li+,Inorganic nanofiber,Other,"Li,F codoping in hydroxyapatite lattice","Li-HA-F nanofiber (Li,F-doped hydroxyapatite)",,–,,,Co-Doping (Cation),1.26e-2 / 25 (exp.),0.0126
Li⁺,Li+,Polymer composite,Polymeric,PEO-LiTFSI matrix reinforced with Li-HA-F nanofiber,Composite solid electrolyte (CSE: PEO-LiTFSI + Li-HA-F nanofiber),,0.23,0.23,,Polymer,4.0e-4 / 30 (exp.),0.0004
Li⁺,Li+,Inorganic nanofiber,Other,"Li,F codoping in hydroxyapatite lattice","Li-HA-F nanofiber (Li,F-doped hydroxyapatite)",,–,,,Co-Doping (Cation),1.26e-2 / 25 (exp.),0.0126
Li⁺,Li+,Polymer composite,Polymeric,PEO-LiTFSI matrix reinforced with Li-HA-F nanofiber,Composite solid electrolyte (CSE: PEO-LiTFSI + Li-HA-F nanofiber),,0.23,0.23,,Polymer,4.0e-4 / 30 (exp.),0.0004
Li⁺,Li+,Polymer composite with superionic filler,Polymeric,PVDF-LiTFSI matrix reinforced with Li-NC soft filler,Li-NC soft filler in PVDF + LiTFSI (TDCT),,0.146,0.146,,Polymer,2.5e-4 / 30 (exp.),0.00025
Na⁺,Na+,Thiophosphate,Other,–,Na₃PS₄ (tetragonal),,0.49,0.49,,Baseline,2.6e-5 / 25 (exp.),2.60E-05
Na⁺,Na+,Thiophosphate (c-Na₃PS₄),Other,–,"Na₃PS₄ (cubic, undoped)",,0.39,0.39,,Baseline,2.2e-4 / 25 (exp.),0.00022
Na⁺,Na+,Thiophosphate (cubic),Other,Ca²⁺ substitution on Na-site (vacancy creation),Na₂.₇₃₀Ca₀.₁₃₅PS₄ (Ca-doped),,0.36,0.36,,Defect / Vacancy,9.4e-4 / 25 (exp.),0.00094
Na⁺,Na+,Thiophosphate-type chalcogenide,Other,–,Na₃SbS₄ (tetragonal),,0.28,0.28,,Baseline,8.9e-5 / 25 (exp.),8.90E-05
Na⁺,Na+,Thiophosphate-type chalcogenide,Other,Partial S→Se substitution,Na₃SbS₃Se (cubic),,0.21,0.21,,Anion Substitution,3.75e-4 / 25 (exp.),0.000375
Na⁺,Na+,Thiophosphate-type chalcogenide,Other,Higher Se substitution,Na₃SbS₂Se₂ (cubic),,0.19,0.19,,Anion Substitution,2.80e-4 / 25 (exp.),0.00028
Li⁺,Li+,Halide (Li₃InCl₆),Halide,–,Li₃InCl₆,,–,0.29,,Baseline,~1e-3 / 25 °C (exp. literature),0.001
Li⁺,Li+,"New iodide-based sulfide (Pnma space group, derived from β-Li₃PS₄ + LiI)",Halide,Incorporation of LiI into Li₃PS₄ lattice,Li₇P₂S₈I,,–,,,Additive / Excess,6.3e-4 / 25 (exp.),0.00063
Na⁺,Na+,Sulfide (tetragonal),Other,–,Na₃SbS₄,,–,,,Baseline,0.34e-3 / 30,0.00034
Na⁺,Na+,Glass-ceramic sulfide,Amorphous,I⁻ incorporation (NaI),0.1NaI·0.9Na₃SbS₄,,~0.2–0.3,0.2,,Additive / Excess,0.74e-3 / 30,0.00074
Na⁺,Na+,Glass-ceramic sulfide,Amorphous,Br⁻ incorporation,0.1NaBr·0.9Na₃SbS₄,,0.33,0.33,,Additive / Excess,0.30e-3 / 30,0.0003
Li⁺,Li+,Halide (hcp),Halide,–,Li₃YCl₆,,0.70 / 0.22,0.22,,Baseline,"1.4e-4 / 25 °C; Ea=0.70 (<130 °C), Ea=0.22 (>130 °C); extrapolated σRT ≈ 2.9e-2",0.00014
Li⁺,Li+,Halide (mixed phase),Halide,Partial substitution of In³⁺ for Y³⁺,Li₃Y₀.₅In₀.₅Cl₆,,0.3,0.3,,Anion Substitution,1.42e-3 / 25 (exp.),0.00142
Li⁺,Li+,Halide (ccp),Halide,Full substitution of In³⁺ for Y³⁺,Li₃InCl₆,,–,0.29,,Anion Substitution,~1e-3 / 25 °C (exp. literature),0.001
Li⁺,Li+,Complex hydride lithium superionic conductor,Other,–,0.7Li(CB₉H₁₀)–0.3Li(CB₁₁H₁₂),,0.29,0.29,,Baseline,6.7e-3 / 25 (exp.),0.0067
Na⁺,Na+,Sulfide glass (orthothiophosphate),Amorphous,–,Na₃PS₄ glass,,0.47 (47 kJ mol⁻¹),0.47,,Baseline,6.0e-6 / 25 (exp.),6.00E-06
Na⁺,Na+,Sulfide glass-ceramic (cubic Na₃PS₄ stabilized),Amorphous,–,Na₃PS₄ glass-ceramic (cubic),,0.27 (27 kJ mol⁻¹),0.27,,Baseline,2.0e-4 / 25 (exp.),0.0002
Na⁺,Na+,Sulfide glass-ceramic (low-temp tetragonal Na₃PS₄),Amorphous,–,Na₃PS₄ glass-ceramic (tetragonal),,–,,,Baseline,1.0e-6 / 25 (exp.),1.00E-06
Li⁺,Li+,Pliable halide–fluoride glass electrolyte,Halide,–,3LiCl–GaF₃ (glass),,0.25,0.25,,Baseline,3.6e-3 / 25 (exp.),0.0036
Li⁺,Li+,Pliable halide–fluoride glass electrolyte,Halide,–,3LiBr–GaF₃ (glass),,0.28,0.28,,Baseline,1.8e-3 / 25 (exp.),0.0018
Li⁺,Li+,Pliable halide–fluoride glass electrolyte with surface-modifying additive,Halide,Li₂CO₃-B coating on cathode,3LiCl–GaF₃ + Li₂CO₃-B coating (as catholyte),,0.25,0.25,,Interface,3.6e-3 / 25 (exp.),0.0036
